path,log_file,n,m,failed,len_z_hat,eval_advantage,eval_hamming_frac,eval_correlation
/Users/julian/CodingProjects/UniT3/QuarticSpeedupK-XOR/z_Daphne/data/final_problem_set/kxor_instance_n12_k2_m116_ell2_eps0.25_kappa0.75_rho0.0.npz,/Users/julian/CodingProjects/UniT3/QuarticSpeedupK-XOR/logs/final_problem_set/kxor_instance_n12_k2_m116_ell2_eps0.25_kappa0.75_rho0.0.log,12,116,False,12,0.1206896551724138,,
/Users/julian/CodingProjects/UniT3/QuarticSpeedupK-XOR/z_Daphne/data/final_problem_set/kxor_instance_n12_k2_m116_ell2_eps0.25_kappa0.75_rho0.2.npz,/Users/julian/CodingProjects/UniT3/QuarticSpeedupK-XOR/logs/final_problem_set/kxor_instance_n12_k2_m116_ell2_eps0.25_kappa0.75_rho0.2.log,12,116,False,12,0.2413793103448276,0.16666666666666666,0.6666666666666666
/Users/julian/CodingProjects/UniT3/QuarticSpeedupK-XOR/z_Daphne/data/final_problem_set/kxor_instance_n12_k2_m116_ell2_eps0.25_kappa0.75_rho0.4.npz,/Users/julian/CodingProjects/UniT3/QuarticSpeedupK-XOR/logs/final_problem_set/kxor_instance_n12_k2_m116_ell2_eps0.25_kappa0.75_rho0.4.log,12,116,False,12,0.3448275862068966,0.16666666666666666,0.6666666666666666
/Users/julian/CodingProjects/UniT3/QuarticSpeedupK-XOR/z_Daphne/data/final_problem_set/kxor_instance_n12_k2_m116_ell2_eps0.25_kappa0.75_rho0.6.npz,/Users/julian/CodingProjects/UniT3/QuarticSpeedupK-XOR/logs/final_problem_set/kxor_instance_n12_k2_m116_ell2_eps0.25_kappa0.75_rho0.6.log,12,116,False,12,0.6724137931034483,0.0,1.0
/Users/julian/CodingProjects/UniT3/QuarticSpeedupK-XOR/z_Daphne/data/final_problem_set/kxor_instance_n12_k2_m116_ell2_eps0.25_kappa0.75_rho0.8.npz,/Users/julian/CodingProjects/UniT3/QuarticSpeedupK-XOR/logs/final_problem_set/kxor_instance_n12_k2_m116_ell2_eps0.25_kappa0.75_rho0.8.log,12,116,False,12,0.8620689655172413,0.0,1.0
/Users/julian/CodingProjects/UniT3/QuarticSpeedupK-XOR/z_Daphne/data/final_problem_set/kxor_instance_n12_k2_m116_ell2_eps0.25_kappa0.75_rho1.0.npz,/Users/julian/CodingProjects/UniT3/QuarticSpeedupK-XOR/logs/final_problem_set/kxor_instance_n12_k2_m116_ell2_eps0.25_kappa0.75_rho1.0.log,12,116,False,12,1.0,0.0,1.0
/Users/julian/CodingProjects/UniT3/QuarticSpeedupK-XOR/z_Daphne/data/final_problem_set/kxor_instance_n12_k2_m75_ell2_eps0.25_kappa1.0_rho0.0.npz,/Users/julian/CodingProjects/UniT3/QuarticSpeedupK-XOR/logs/final_problem_set/kxor_instance_n12_k2_m75_ell2_eps0.25_kappa1.0_rho0.0.log,12,75,False,12,0.41333333333333333,,
/Users/julian/CodingProjects/UniT3/QuarticSpeedupK-XOR/z_Daphne/data/final_problem_set/kxor_instance_n12_k2_m75_ell2_eps0.25_kappa1.0_rho0.2.npz,/Users/julian/CodingProjects/UniT3/QuarticSpeedupK-XOR/logs/final_problem_set/kxor_instance_n12_k2_m75_ell2_eps0.25_kappa1.0_rho0.2.log,12,75,False,12,0.22666666666666666,0.4166666666666667,0.16666666666666666
/Users/julian/CodingProjects/UniT3/QuarticSpeedupK-XOR/z_Daphne/data/final_problem_set/kxor_instance_n12_k2_m75_ell2_eps0.25_kappa1.0_rho0.4.npz,/Users/julian/CodingProjects/UniT3/QuarticSpeedupK-XOR/logs/final_problem_set/kxor_instance_n12_k2_m75_ell2_eps0.25_kappa1.0_rho0.4.log,12,75,False,12,0.5466666666666666,0.0,1.0
/Users/julian/CodingProjects/UniT3/QuarticSpeedupK-XOR/z_Daphne/data/final_problem_set/kxor_instance_n12_k2_m75_ell2_eps0.25_kappa1.0_rho0.6.npz,/Users/julian/CodingProjects/UniT3/QuarticSpeedupK-XOR/logs/final_problem_set/kxor_instance_n12_k2_m75_ell2_eps0.25_kappa1.0_rho0.6.log,12,75,False,12,0.6,0.0,1.0
/Users/julian/CodingProjects/UniT3/QuarticSpeedupK-XOR/z_Daphne/data/final_problem_set/kxor_instance_n12_k2_m75_ell2_eps0.25_kappa1.0_rho0.8.npz,/Users/julian/CodingProjects/UniT3/QuarticSpeedupK-XOR/logs/final_problem_set/kxor_instance_n12_k2_m75_ell2_eps0.25_kappa1.0_rho0.8.log,12,75,False,12,0.7066666666666667,0.0,1.0
/Users/julian/CodingProjects/UniT3/QuarticSpeedupK-XOR/z_Daphne/data/final_problem_set/kxor_instance_n12_k2_m75_ell2_eps0.25_kappa1.0_rho1.0.npz,/Users/julian/CodingProjects/UniT3/QuarticSpeedupK-XOR/logs/final_problem_set/kxor_instance_n12_k2_m75_ell2_eps0.25_kappa1.0_rho1.0.log,12,75,False,12,1.0,0.0,1.0
/Users/julian/CodingProjects/UniT3/QuarticSpeedupK-XOR/z_Daphne/data/final_problem_set/kxor_instance_n12_k2_m78_ell2_eps0.3_kappa1.0_rho0.0.npz,/Users/julian/CodingProjects/UniT3/QuarticSpeedupK-XOR/logs/final_problem_set/kxor_instance_n12_k2_m78_ell2_eps0.3_kappa1.0_rho0.0.log,12,78,False,12,0.23076923076923078,,
/Users/julian/CodingProjects/UniT3/QuarticSpeedupK-XOR/z_Daphne/data/final_problem_set/kxor_instance_n12_k2_m78_ell2_eps0.3_kappa1.0_rho0.2.npz,/Users/julian/CodingProjects/UniT3/QuarticSpeedupK-XOR/logs/final_problem_set/kxor_instance_n12_k2_m78_ell2_eps0.3_kappa1.0_rho0.2.log,12,78,False,12,0.1794871794871795,0.4166666666666667,0.16666666666666666
/Users/julian/CodingProjects/UniT3/QuarticSpeedupK-XOR/z_Daphne/data/final_problem_set/kxor_instance_n12_k2_m78_ell2_eps0.3_kappa1.0_rho0.4.npz,/Users/julian/CodingProjects/UniT3/QuarticSpeedupK-XOR/logs/final_problem_set/kxor_instance_n12_k2_m78_ell2_eps0.3_kappa1.0_rho0.4.log,12,78,False,12,0.28205128205128205,0.3333333333333333,0.3333333333333333
/Users/julian/CodingProjects/UniT3/QuarticSpeedupK-XOR/z_Daphne/data/final_problem_set/kxor_instance_n12_k2_m78_ell2_eps0.3_kappa1.0_rho0.6.npz,/Users/julian/CodingProjects/UniT3/QuarticSpeedupK-XOR/logs/final_problem_set/kxor_instance_n12_k2_m78_ell2_eps0.3_kappa1.0_rho0.6.log,12,78,False,12,0.41025641025641024,0.25,0.5
/Users/julian/CodingProjects/UniT3/QuarticSpeedupK-XOR/z_Daphne/data/final_problem_set/kxor_instance_n12_k2_m78_ell2_eps0.3_kappa1.0_rho0.8.npz,/Users/julian/CodingProjects/UniT3/QuarticSpeedupK-XOR/logs/final_problem_set/kxor_instance_n12_k2_m78_ell2_eps0.3_kappa1.0_rho0.8.log,12,78,False,12,0.7435897435897436,0.0,1.0
/Users/julian/CodingProjects/UniT3/QuarticSpeedupK-XOR/z_Daphne/data/final_problem_set/kxor_instance_n12_k2_m78_ell2_eps0.3_kappa1.0_rho1.0.npz,/Users/julian/CodingProjects/UniT3/QuarticSpeedupK-XOR/logs/final_problem_set/kxor_instance_n12_k2_m78_ell2_eps0.3_kappa1.0_rho1.0.log,12,78,False,12,1.0,0.0,1.0
/Users/julian/CodingProjects/UniT3/QuarticSpeedupK-XOR/z_Daphne/data/final_problem_set/kxor_instance_n12_k2_m92_ell2_eps0.25_kappa0.875_rho0.0.npz,/Users/julian/CodingProjects/UniT3/QuarticSpeedupK-XOR/logs/final_problem_set/kxor_instance_n12_k2_m92_ell2_eps0.25_kappa0.875_rho0.0.log,12,92,False,12,0.08695652173913043,,
/Users/julian/CodingProjects/UniT3/QuarticSpeedupK-XOR/z_Daphne/data/final_problem_set/kxor_instance_n12_k2_m92_ell2_eps0.25_kappa0.875_rho0.2.npz,/Users/julian/CodingProjects/UniT3/QuarticSpeedupK-XOR/logs/final_problem_set/kxor_instance_n12_k2_m92_ell2_eps0.25_kappa0.875_rho0.2.log,12,92,False,12,0.13043478260869565,0.3333333333333333,0.3333333333333333
/Users/julian/CodingProjects/UniT3/QuarticSpeedupK-XOR/z_Daphne/data/final_problem_set/kxor_instance_n12_k2_m92_ell2_eps0.25_kappa0.875_rho0.4.npz,/Users/julian/CodingProjects/UniT3/QuarticSpeedupK-XOR/logs/final_problem_set/kxor_instance_n12_k2_m92_ell2_eps0.25_kappa0.875_rho0.4.log,12,92,False,12,0.34782608695652173,0.16666666666666666,0.6666666666666666
/Users/julian/CodingProjects/UniT3/QuarticSpeedupK-XOR/z_Daphne/data/final_problem_set/kxor_instance_n12_k2_m92_ell2_eps0.25_kappa0.875_rho0.6.npz,/Users/julian/CodingProjects/UniT3/QuarticSpeedupK-XOR/logs/final_problem_set/kxor_instance_n12_k2_m92_ell2_eps0.25_kappa0.875_rho0.6.log,12,92,False,12,0.6086956521739131,0.0,1.0
/Users/julian/CodingProjects/UniT3/QuarticSpeedupK-XOR/z_Daphne/data/final_problem_set/kxor_instance_n12_k2_m92_ell2_eps0.25_kappa0.875_rho0.8.npz,/Users/julian/CodingProjects/UniT3/QuarticSpeedupK-XOR/logs/final_problem_set/kxor_instance_n12_k2_m92_ell2_eps0.25_kappa0.875_rho0.8.log,12,92,False,12,0.8260869565217391,0.0,1.0
/Users/julian/CodingProjects/UniT3/QuarticSpeedupK-XOR/z_Daphne/data/final_problem_set/kxor_instance_n12_k2_m92_ell2_eps0.25_kappa0.875_rho1.0.npz,/Users/julian/CodingProjects/UniT3/QuarticSpeedupK-XOR/logs/final_problem_set/kxor_instance_n12_k2_m92_ell2_eps0.25_kappa0.875_rho1.0.log,12,92,False,12,1.0,0.0,1.0
/Users/julian/CodingProjects/UniT3/QuarticSpeedupK-XOR/z_Daphne/data/final_problem_set/kxor_instance_n12_k2_m95_ell2_eps0.3_kappa0.875_rho0.0.npz,/Users/julian/CodingProjects/UniT3/QuarticSpeedupK-XOR/logs/final_problem_set/kxor_instance_n12_k2_m95_ell2_eps0.3_kappa0.875_rho0.0.log,12,95,False,12,0.24210526315789474,,
/Users/julian/CodingProjects/UniT3/QuarticSpeedupK-XOR/z_Daphne/data/final_problem_set/kxor_instance_n12_k2_m95_ell2_eps0.3_kappa0.875_rho0.2.npz,/Users/julian/CodingProjects/UniT3/QuarticSpeedupK-XOR/logs/final_problem_set/kxor_instance_n12_k2_m95_ell2_eps0.3_kappa0.875_rho0.2.log,12,95,False,12,0.17894736842105263,0.4166666666666667,0.16666666666666666
/Users/julian/CodingProjects/UniT3/QuarticSpeedupK-XOR/z_Daphne/data/final_problem_set/kxor_instance_n12_k2_m95_ell2_eps0.3_kappa0.875_rho0.4.npz,/Users/julian/CodingProjects/UniT3/QuarticSpeedupK-XOR/logs/final_problem_set/kxor_instance_n12_k2_m95_ell2_eps0.3_kappa0.875_rho0.4.log,12,95,False,12,0.24210526315789474,0.16666666666666666,0.6666666666666666
/Users/julian/CodingProjects/UniT3/QuarticSpeedupK-XOR/z_Daphne/data/final_problem_set/kxor_instance_n12_k2_m95_ell2_eps0.3_kappa0.875_rho0.6.npz,/Users/julian/CodingProjects/UniT3/QuarticSpeedupK-XOR/logs/final_problem_set/kxor_instance_n12_k2_m95_ell2_eps0.3_kappa0.875_rho0.6.log,12,95,False,12,0.7052631578947368,0.0,1.0
/Users/julian/CodingProjects/UniT3/QuarticSpeedupK-XOR/z_Daphne/data/final_problem_set/kxor_instance_n12_k2_m95_ell2_eps0.3_kappa0.875_rho0.8.npz,/Users/julian/CodingProjects/UniT3/QuarticSpeedupK-XOR/logs/final_problem_set/kxor_instance_n12_k2_m95_ell2_eps0.3_kappa0.875_rho0.8.log,12,95,False,12,0.7684210526315789,0.0,1.0
/Users/julian/CodingProjects/UniT3/QuarticSpeedupK-XOR/z_Daphne/data/final_problem_set/kxor_instance_n12_k2_m95_ell2_eps0.3_kappa0.875_rho1.0.npz,/Users/julian/CodingProjects/UniT3/QuarticSpeedupK-XOR/logs/final_problem_set/kxor_instance_n12_k2_m95_ell2_eps0.3_kappa0.875_rho1.0.log,12,95,False,12,1.0,0.0,1.0
/Users/julian/CodingProjects/UniT3/QuarticSpeedupK-XOR/z_Daphne/data/final_problem_set/kxor_instance_n13_k2_m103_ell2_eps0.25_kappa0.875_rho0.0.npz,/Users/julian/CodingProjects/UniT3/QuarticSpeedupK-XOR/logs/final_problem_set/kxor_instance_n13_k2_m103_ell2_eps0.25_kappa0.875_rho0.0.log,13,103,False,13,0.20388349514563106,,
/Users/julian/CodingProjects/UniT3/QuarticSpeedupK-XOR/z_Daphne/data/final_problem_set/kxor_instance_n13_k2_m103_ell2_eps0.25_kappa0.875_rho0.2.npz,/Users/julian/CodingProjects/UniT3/QuarticSpeedupK-XOR/logs/final_problem_set/kxor_instance_n13_k2_m103_ell2_eps0.25_kappa0.875_rho0.2.log,13,103,False,13,0.1262135922330097,0.46153846153846156,0.07692307692307693
/Users/julian/CodingProjects/UniT3/QuarticSpeedupK-XOR/z_Daphne/data/final_problem_set/kxor_instance_n13_k2_m103_ell2_eps0.25_kappa0.875_rho0.4.npz,/Users/julian/CodingProjects/UniT3/QuarticSpeedupK-XOR/logs/final_problem_set/kxor_instance_n13_k2_m103_ell2_eps0.25_kappa0.875_rho0.4.log,13,103,False,13,0.39805825242718446,0.07692307692307693,0.8461538461538461
/Users/julian/CodingProjects/UniT3/QuarticSpeedupK-XOR/z_Daphne/data/final_problem_set/kxor_instance_n13_k2_m103_ell2_eps0.25_kappa0.875_rho0.6.npz,/Users/julian/CodingProjects/UniT3/QuarticSpeedupK-XOR/logs/final_problem_set/kxor_instance_n13_k2_m103_ell2_eps0.25_kappa0.875_rho0.6.log,13,103,False,13,0.5145631067961165,0.07692307692307693,0.8461538461538461
/Users/julian/CodingProjects/UniT3/QuarticSpeedupK-XOR/z_Daphne/data/final_problem_set/kxor_instance_n13_k2_m103_ell2_eps0.25_kappa0.875_rho0.8.npz,/Users/julian/CodingProjects/UniT3/QuarticSpeedupK-XOR/logs/final_problem_set/kxor_instance_n13_k2_m103_ell2_eps0.25_kappa0.875_rho0.8.log,13,103,False,13,0.7475728155339806,0.0,1.0
/Users/julian/CodingProjects/UniT3/QuarticSpeedupK-XOR/z_Daphne/data/final_problem_set/kxor_instance_n13_k2_m103_ell2_eps0.25_kappa0.875_rho1.0.npz,/Users/julian/CodingProjects/UniT3/QuarticSpeedupK-XOR/logs/final_problem_set/kxor_instance_n13_k2_m103_ell2_eps0.25_kappa0.875_rho1.0.log,13,103,False,13,1.0,0.0,1.0
/Users/julian/CodingProjects/UniT3/QuarticSpeedupK-XOR/z_Daphne/data/final_problem_set/kxor_instance_n13_k2_m107_ell2_eps0.3_kappa0.875_rho0.0.npz,/Users/julian/CodingProjects/UniT3/QuarticSpeedupK-XOR/logs/final_problem_set/kxor_instance_n13_k2_m107_ell2_eps0.3_kappa0.875_rho0.0.log,13,107,False,13,0.14018691588785046,,
/Users/julian/CodingProjects/UniT3/QuarticSpeedupK-XOR/z_Daphne/data/final_problem_set/kxor_instance_n13_k2_m107_ell2_eps0.3_kappa0.875_rho0.2.npz,/Users/julian/CodingProjects/UniT3/QuarticSpeedupK-XOR/logs/final_problem_set/kxor_instance_n13_k2_m107_ell2_eps0.3_kappa0.875_rho0.2.log,13,107,False,13,0.2336448598130841,0.38461538461538464,0.23076923076923078
/Users/julian/CodingProjects/UniT3/QuarticSpeedupK-XOR/z_Daphne/data/final_problem_set/kxor_instance_n13_k2_m107_ell2_eps0.3_kappa0.875_rho0.4.npz,/Users/julian/CodingProjects/UniT3/QuarticSpeedupK-XOR/logs/final_problem_set/kxor_instance_n13_k2_m107_ell2_eps0.3_kappa0.875_rho0.4.log,13,107,False,13,0.19626168224299065,0.46153846153846156,0.07692307692307693
/Users/julian/CodingProjects/UniT3/QuarticSpeedupK-XOR/z_Daphne/data/final_problem_set/kxor_instance_n13_k2_m107_ell2_eps0.3_kappa0.875_rho0.6.npz,/Users/julian/CodingProjects/UniT3/QuarticSpeedupK-XOR/logs/final_problem_set/kxor_instance_n13_k2_m107_ell2_eps0.3_kappa0.875_rho0.6.log,13,107,False,13,0.719626168224299,0.0,1.0
/Users/julian/CodingProjects/UniT3/QuarticSpeedupK-XOR/z_Daphne/data/final_problem_set/kxor_instance_n13_k2_m107_ell2_eps0.3_kappa0.875_rho0.8.npz,/Users/julian/CodingProjects/UniT3/QuarticSpeedupK-XOR/logs/final_problem_set/kxor_instance_n13_k2_m107_ell2_eps0.3_kappa0.875_rho0.8.log,13,107,False,13,0.8317757009345794,0.0,1.0
/Users/julian/CodingProjects/UniT3/QuarticSpeedupK-XOR/z_Daphne/data/final_problem_set/kxor_instance_n13_k2_m107_ell2_eps0.3_kappa0.875_rho1.0.npz,/Users/julian/CodingProjects/UniT3/QuarticSpeedupK-XOR/logs/final_problem_set/kxor_instance_n13_k2_m107_ell2_eps0.3_kappa0.875_rho1.0.log,13,107,False,13,1.0,0.0,1.0
/Users/julian/CodingProjects/UniT3/QuarticSpeedupK-XOR/z_Daphne/data/final_problem_set/kxor_instance_n13_k2_m130_ell2_eps0.25_kappa0.75_rho0.0.npz,/Users/julian/CodingProjects/UniT3/QuarticSpeedupK-XOR/logs/final_problem_set/kxor_instance_n13_k2_m130_ell2_eps0.25_kappa0.75_rho0.0.log,13,130,False,13,0.26153846153846155,,
/Users/julian/CodingProjects/UniT3/QuarticSpeedupK-XOR/z_Daphne/data/final_problem_set/kxor_instance_n13_k2_m130_ell2_eps0.25_kappa0.75_rho0.2.npz,/Users/julian/CodingProjects/UniT3/QuarticSpeedupK-XOR/logs/final_problem_set/kxor_instance_n13_k2_m130_ell2_eps0.25_kappa0.75_rho0.2.log,13,130,False,13,0.27692307692307694,0.23076923076923078,0.5384615384615384
/Users/julian/CodingProjects/UniT3/QuarticSpeedupK-XOR/z_Daphne/data/final_problem_set/kxor_instance_n13_k2_m130_ell2_eps0.25_kappa0.75_rho0.4.npz,/Users/julian/CodingProjects/UniT3/QuarticSpeedupK-XOR/logs/final_problem_set/kxor_instance_n13_k2_m130_ell2_eps0.25_kappa0.75_rho0.4.log,13,130,False,13,0.49230769230769234,0.0,1.0
/Users/julian/CodingProjects/UniT3/QuarticSpeedupK-XOR/z_Daphne/data/final_problem_set/kxor_instance_n13_k2_m130_ell2_eps0.25_kappa0.75_rho0.6.npz,/Users/julian/CodingProjects/UniT3/QuarticSpeedupK-XOR/logs/final_problem_set/kxor_instance_n13_k2_m130_ell2_eps0.25_kappa0.75_rho0.6.log,13,130,False,13,0.5846153846153846,0.0,1.0
/Users/julian/CodingProjects/UniT3/QuarticSpeedupK-XOR/z_Daphne/data/final_problem_set/kxor_instance_n13_k2_m130_ell2_eps0.25_kappa0.75_rho0.8.npz,/Users/julian/CodingProjects/UniT3/QuarticSpeedupK-XOR/logs/final_problem_set/kxor_instance_n13_k2_m130_ell2_eps0.25_kappa0.75_rho0.8.log,13,130,False,13,0.7384615384615385,0.0,1.0
/Users/julian/CodingProjects/UniT3/QuarticSpeedupK-XOR/z_Daphne/data/final_problem_set/kxor_instance_n13_k2_m130_ell2_eps0.25_kappa0.75_rho1.0.npz,/Users/julian/CodingProjects/UniT3/QuarticSpeedupK-XOR/logs/final_problem_set/kxor_instance_n13_k2_m130_ell2_eps0.25_kappa0.75_rho1.0.log,13,130,False,13,1.0,0.0,1.0
/Users/julian/CodingProjects/UniT3/QuarticSpeedupK-XOR/z_Daphne/data/final_problem_set/kxor_instance_n13_k2_m84_ell2_eps0.25_kappa1.0_rho0.0.npz,/Users/julian/CodingProjects/UniT3/QuarticSpeedupK-XOR/logs/final_problem_set/kxor_instance_n13_k2_m84_ell2_eps0.25_kappa1.0_rho0.0.log,13,84,False,13,0.38095238095238093,,
/Users/julian/CodingProjects/UniT3/QuarticSpeedupK-XOR/z_Daphne/data/final_problem_set/kxor_instance_n13_k2_m84_ell2_eps0.25_kappa1.0_rho0.2.npz,/Users/julian/CodingProjects/UniT3/QuarticSpeedupK-XOR/logs/final_problem_set/kxor_instance_n13_k2_m84_ell2_eps0.25_kappa1.0_rho0.2.log,13,84,False,13,0.2857142857142857,0.46153846153846156,0.07692307692307693
/Users/julian/CodingProjects/UniT3/QuarticSpeedupK-XOR/z_Daphne/data/final_problem_set/kxor_instance_n13_k2_m84_ell2_eps0.25_kappa1.0_rho0.4.npz,/Users/julian/CodingProjects/UniT3/QuarticSpeedupK-XOR/logs/final_problem_set/kxor_instance_n13_k2_m84_ell2_eps0.25_kappa1.0_rho0.4.log,13,84,False,13,0.4523809523809524,0.0,1.0
/Users/julian/CodingProjects/UniT3/QuarticSpeedupK-XOR/z_Daphne/data/final_problem_set/kxor_instance_n13_k2_m84_ell2_eps0.25_kappa1.0_rho0.6.npz,/Users/julian/CodingProjects/UniT3/QuarticSpeedupK-XOR/logs/final_problem_set/kxor_instance_n13_k2_m84_ell2_eps0.25_kappa1.0_rho0.6.log,13,84,False,13,0.5238095238095238,0.07692307692307693,0.8461538461538461
/Users/julian/CodingProjects/UniT3/QuarticSpeedupK-XOR/z_Daphne/data/final_problem_set/kxor_instance_n13_k2_m84_ell2_eps0.25_kappa1.0_rho0.8.npz,/Users/julian/CodingProjects/UniT3/QuarticSpeedupK-XOR/logs/final_problem_set/kxor_instance_n13_k2_m84_ell2_eps0.25_kappa1.0_rho0.8.log,13,84,False,13,0.8333333333333334,0.0,1.0
/Users/julian/CodingProjects/UniT3/QuarticSpeedupK-XOR/z_Daphne/data/final_problem_set/kxor_instance_n13_k2_m84_ell2_eps0.25_kappa1.0_rho1.0.npz,/Users/julian/CodingProjects/UniT3/QuarticSpeedupK-XOR/logs/final_problem_set/kxor_instance_n13_k2_m84_ell2_eps0.25_kappa1.0_rho1.0.log,13,84,False,13,1.0,0.0,1.0
/Users/julian/CodingProjects/UniT3/QuarticSpeedupK-XOR/z_Daphne/data/final_problem_set/kxor_instance_n13_k2_m87_ell2_eps0.3_kappa1.0_rho0.0.npz,/Users/julian/CodingProjects/UniT3/QuarticSpeedupK-XOR/logs/final_problem_set/kxor_instance_n13_k2_m87_ell2_eps0.3_kappa1.0_rho0.0.log,13,87,False,13,0.3333333333333333,,
/Users/julian/CodingProjects/UniT3/QuarticSpeedupK-XOR/z_Daphne/data/final_problem_set/kxor_instance_n13_k2_m87_ell2_eps0.3_kappa1.0_rho0.2.npz,/Users/julian/CodingProjects/UniT3/QuarticSpeedupK-XOR/logs/final_problem_set/kxor_instance_n13_k2_m87_ell2_eps0.3_kappa1.0_rho0.2.log,13,87,False,13,0.26436781609195403,0.38461538461538464,0.23076923076923078
/Users/julian/CodingProjects/UniT3/QuarticSpeedupK-XOR/z_Daphne/data/final_problem_set/kxor_instance_n13_k2_m87_ell2_eps0.3_kappa1.0_rho0.4.npz,/Users/julian/CodingProjects/UniT3/QuarticSpeedupK-XOR/logs/final_problem_set/kxor_instance_n13_k2_m87_ell2_eps0.3_kappa1.0_rho0.4.log,13,87,False,13,0.4942528735632184,0.0,1.0
/Users/julian/CodingProjects/UniT3/QuarticSpeedupK-XOR/z_Daphne/data/final_problem_set/kxor_instance_n13_k2_m87_ell2_eps0.3_kappa1.0_rho0.6.npz,/Users/julian/CodingProjects/UniT3/QuarticSpeedupK-XOR/logs/final_problem_set/kxor_instance_n13_k2_m87_ell2_eps0.3_kappa1.0_rho0.6.log,13,87,False,13,0.5172413793103449,0.0,1.0
/Users/julian/CodingProjects/UniT3/QuarticSpeedupK-XOR/z_Daphne/data/final_problem_set/kxor_instance_n13_k2_m87_ell2_eps0.3_kappa1.0_rho0.8.npz,/Users/julian/CodingProjects/UniT3/QuarticSpeedupK-XOR/logs/final_problem_set/kxor_instance_n13_k2_m87_ell2_eps0.3_kappa1.0_rho0.8.log,13,87,False,13,0.7471264367816092,0.0,1.0
/Users/julian/CodingProjects/UniT3/QuarticSpeedupK-XOR/z_Daphne/data/final_problem_set/kxor_instance_n13_k2_m87_ell2_eps0.3_kappa1.0_rho1.0.npz,/Users/julian/CodingProjects/UniT3/QuarticSpeedupK-XOR/logs/final_problem_set/kxor_instance_n13_k2_m87_ell2_eps0.3_kappa1.0_rho1.0.log,13,87,False,13,1.0,0.0,1.0
/Users/julian/CodingProjects/UniT3/QuarticSpeedupK-XOR/z_Daphne/data/final_problem_set/kxor_instance_n14_k2_m114_ell2_eps0.25_kappa0.875_rho0.0.npz,/Users/julian/CodingProjects/UniT3/QuarticSpeedupK-XOR/logs/final_problem_set/kxor_instance_n14_k2_m114_ell2_eps0.25_kappa0.875_rho0.0.log,14,114,False,14,0.3157894736842105,,
/Users/julian/CodingProjects/UniT3/QuarticSpeedupK-XOR/z_Daphne/data/final_problem_set/kxor_instance_n14_k2_m114_ell2_eps0.25_kappa0.875_rho0.2.npz,/Users/julian/CodingProjects/UniT3/QuarticSpeedupK-XOR/logs/final_problem_set/kxor_instance_n14_k2_m114_ell2_eps0.25_kappa0.875_rho0.2.log,14,114,False,14,0.24561403508771928,0.2857142857142857,0.42857142857142855
/Users/julian/CodingProjects/UniT3/QuarticSpeedupK-XOR/z_Daphne/data/final_problem_set/kxor_instance_n14_k2_m114_ell2_eps0.25_kappa0.875_rho0.4.npz,/Users/julian/CodingProjects/UniT3/QuarticSpeedupK-XOR/logs/final_problem_set/kxor_instance_n14_k2_m114_ell2_eps0.25_kappa0.875_rho0.4.log,14,114,False,14,0.3157894736842105,0.07142857142857142,0.8571428571428571
/Users/julian/CodingProjects/UniT3/QuarticSpeedupK-XOR/z_Daphne/data/final_problem_set/kxor_instance_n14_k2_m114_ell2_eps0.25_kappa0.875_rho0.6.npz,/Users/julian/CodingProjects/UniT3/QuarticSpeedupK-XOR/logs/final_problem_set/kxor_instance_n14_k2_m114_ell2_eps0.25_kappa0.875_rho0.6.log,14,114,False,14,0.631578947368421,0.0,1.0
/Users/julian/CodingProjects/UniT3/QuarticSpeedupK-XOR/z_Daphne/data/final_problem_set/kxor_instance_n14_k2_m114_ell2_eps0.25_kappa0.875_rho0.8.npz,/Users/julian/CodingProjects/UniT3/QuarticSpeedupK-XOR/logs/final_problem_set/kxor_instance_n14_k2_m114_ell2_eps0.25_kappa0.875_rho0.8.log,14,114,False,14,0.7894736842105263,0.0,1.0
/Users/julian/CodingProjects/UniT3/QuarticSpeedupK-XOR/z_Daphne/data/final_problem_set/kxor_instance_n14_k2_m114_ell2_eps0.25_kappa0.875_rho1.0.npz,/Users/julian/CodingProjects/UniT3/QuarticSpeedupK-XOR/logs/final_problem_set/kxor_instance_n14_k2_m114_ell2_eps0.25_kappa0.875_rho1.0.log,14,114,False,14,1.0,0.0,1.0
/Users/julian/CodingProjects/UniT3/QuarticSpeedupK-XOR/z_Daphne/data/final_problem_set/kxor_instance_n14_k2_m118_ell2_eps0.3_kappa0.875_rho0.0.npz,/Users/julian/CodingProjects/UniT3/QuarticSpeedupK-XOR/logs/final_problem_set/kxor_instance_n14_k2_m118_ell2_eps0.3_kappa0.875_rho0.0.log,14,118,False,14,0.23728813559322035,,
/Users/julian/CodingProjects/UniT3/QuarticSpeedupK-XOR/z_Daphne/data/final_problem_set/kxor_instance_n14_k2_m118_ell2_eps0.3_kappa0.875_rho0.2.npz,/Users/julian/CodingProjects/UniT3/QuarticSpeedupK-XOR/logs/final_problem_set/kxor_instance_n14_k2_m118_ell2_eps0.3_kappa0.875_rho0.2.log,14,118,False,14,0.13559322033898305,0.5,0.0
/Users/julian/CodingProjects/UniT3/QuarticSpeedupK-XOR/z_Daphne/data/final_problem_set/kxor_instance_n14_k2_m118_ell2_eps0.3_kappa0.875_rho0.4.npz,/Users/julian/CodingProjects/UniT3/QuarticSpeedupK-XOR/logs/final_problem_set/kxor_instance_n14_k2_m118_ell2_eps0.3_kappa0.875_rho0.4.log,14,118,False,14,0.3050847457627119,0.14285714285714285,0.7142857142857143
/Users/julian/CodingProjects/UniT3/QuarticSpeedupK-XOR/z_Daphne/data/final_problem_set/kxor_instance_n14_k2_m118_ell2_eps0.3_kappa0.875_rho0.6.npz,/Users/julian/CodingProjects/UniT3/QuarticSpeedupK-XOR/logs/final_problem_set/kxor_instance_n14_k2_m118_ell2_eps0.3_kappa0.875_rho0.6.log,14,118,False,14,0.4915254237288136,0.07142857142857142,0.8571428571428571
/Users/julian/CodingProjects/UniT3/QuarticSpeedupK-XOR/z_Daphne/data/final_problem_set/kxor_instance_n14_k2_m118_ell2_eps0.3_kappa0.875_rho0.8.npz,/Users/julian/CodingProjects/UniT3/QuarticSpeedupK-XOR/logs/final_problem_set/kxor_instance_n14_k2_m118_ell2_eps0.3_kappa0.875_rho0.8.log,14,118,False,14,0.7966101694915254,0.0,1.0
/Users/julian/CodingProjects/UniT3/QuarticSpeedupK-XOR/z_Daphne/data/final_problem_set/kxor_instance_n14_k2_m118_ell2_eps0.3_kappa0.875_rho1.0.npz,/Users/julian/CodingProjects/UniT3/QuarticSpeedupK-XOR/logs/final_problem_set/kxor_instance_n14_k2_m118_ell2_eps0.3_kappa0.875_rho1.0.log,14,118,False,14,1.0,0.0,1.0
/Users/julian/CodingProjects/UniT3/QuarticSpeedupK-XOR/z_Daphne/data/final_problem_set/kxor_instance_n14_k2_m144_ell2_eps0.25_kappa0.75_rho0.0.npz,/Users/julian/CodingProjects/UniT3/QuarticSpeedupK-XOR/logs/final_problem_set/kxor_instance_n14_k2_m144_ell2_eps0.25_kappa0.75_rho0.0.log,14,144,False,14,0.20833333333333334,,
/Users/julian/CodingProjects/UniT3/QuarticSpeedupK-XOR/z_Daphne/data/final_problem_set/kxor_instance_n14_k2_m144_ell2_eps0.25_kappa0.75_rho0.2.npz,/Users/julian/CodingProjects/UniT3/QuarticSpeedupK-XOR/logs/final_problem_set/kxor_instance_n14_k2_m144_ell2_eps0.25_kappa0.75_rho0.2.log,14,144,False,14,0.2638888888888889,0.07142857142857142,0.8571428571428571
/Users/julian/CodingProjects/UniT3/QuarticSpeedupK-XOR/z_Daphne/data/final_problem_set/kxor_instance_n14_k2_m144_ell2_eps0.25_kappa0.75_rho0.4.npz,/Users/julian/CodingProjects/UniT3/QuarticSpeedupK-XOR/logs/final_problem_set/kxor_instance_n14_k2_m144_ell2_eps0.25_kappa0.75_rho0.4.log,14,144,False,14,0.4305555555555556,0.0,1.0
/Users/julian/CodingProjects/UniT3/QuarticSpeedupK-XOR/z_Daphne/data/final_problem_set/kxor_instance_n14_k2_m144_ell2_eps0.25_kappa0.75_rho0.6.npz,/Users/julian/CodingProjects/UniT3/QuarticSpeedupK-XOR/logs/final_problem_set/kxor_instance_n14_k2_m144_ell2_eps0.25_kappa0.75_rho0.6.log,14,144,False,14,0.5972222222222222,0.0,1.0
/Users/julian/CodingProjects/UniT3/QuarticSpeedupK-XOR/z_Daphne/data/final_problem_set/kxor_instance_n14_k2_m144_ell2_eps0.25_kappa0.75_rho0.8.npz,/Users/julian/CodingProjects/UniT3/QuarticSpeedupK-XOR/logs/final_problem_set/kxor_instance_n14_k2_m144_ell2_eps0.25_kappa0.75_rho0.8.log,14,144,False,14,0.8194444444444444,0.0,1.0
/Users/julian/CodingProjects/UniT3/QuarticSpeedupK-XOR/z_Daphne/data/final_problem_set/kxor_instance_n14_k2_m144_ell2_eps0.25_kappa0.75_rho1.0.npz,/Users/julian/CodingProjects/UniT3/QuarticSpeedupK-XOR/logs/final_problem_set/kxor_instance_n14_k2_m144_ell2_eps0.25_kappa0.75_rho1.0.log,14,144,False,14,1.0,0.0,1.0
/Users/julian/CodingProjects/UniT3/QuarticSpeedupK-XOR/z_Daphne/data/final_problem_set/kxor_instance_n14_k2_m93_ell2_eps0.25_kappa1.0_rho0.0.npz,/Users/julian/CodingProjects/UniT3/QuarticSpeedupK-XOR/logs/final_problem_set/kxor_instance_n14_k2_m93_ell2_eps0.25_kappa1.0_rho0.0.log,14,93,False,14,0.13978494623655913,,
/Users/julian/CodingProjects/UniT3/QuarticSpeedupK-XOR/z_Daphne/data/final_problem_set/kxor_instance_n14_k2_m93_ell2_eps0.25_kappa1.0_rho0.2.npz,/Users/julian/CodingProjects/UniT3/QuarticSpeedupK-XOR/logs/final_problem_set/kxor_instance_n14_k2_m93_ell2_eps0.25_kappa1.0_rho0.2.log,14,93,False,14,0.3548387096774194,0.35714285714285715,0.2857142857142857
/Users/julian/CodingProjects/UniT3/QuarticSpeedupK-XOR/z_Daphne/data/final_problem_set/kxor_instance_n14_k2_m93_ell2_eps0.25_kappa1.0_rho0.4.npz,/Users/julian/CodingProjects/UniT3/QuarticSpeedupK-XOR/logs/final_problem_set/kxor_instance_n14_k2_m93_ell2_eps0.25_kappa1.0_rho0.4.log,14,93,False,14,0.2903225806451613,0.35714285714285715,0.2857142857142857
/Users/julian/CodingProjects/UniT3/QuarticSpeedupK-XOR/z_Daphne/data/final_problem_set/kxor_instance_n14_k2_m93_ell2_eps0.25_kappa1.0_rho0.6.npz,/Users/julian/CodingProjects/UniT3/QuarticSpeedupK-XOR/logs/final_problem_set/kxor_instance_n14_k2_m93_ell2_eps0.25_kappa1.0_rho0.6.log,14,93,False,14,0.6989247311827957,0.0,1.0
/Users/julian/CodingProjects/UniT3/QuarticSpeedupK-XOR/z_Daphne/data/final_problem_set/kxor_instance_n14_k2_m93_ell2_eps0.25_kappa1.0_rho0.8.npz,/Users/julian/CodingProjects/UniT3/QuarticSpeedupK-XOR/logs/final_problem_set/kxor_instance_n14_k2_m93_ell2_eps0.25_kappa1.0_rho0.8.log,14,93,False,14,0.8064516129032258,0.0,1.0
/Users/julian/CodingProjects/UniT3/QuarticSpeedupK-XOR/z_Daphne/data/final_problem_set/kxor_instance_n14_k2_m93_ell2_eps0.25_kappa1.0_rho1.0.npz,/Users/julian/CodingProjects/UniT3/QuarticSpeedupK-XOR/logs/final_problem_set/kxor_instance_n14_k2_m93_ell2_eps0.25_kappa1.0_rho1.0.log,14,93,False,14,1.0,0.0,1.0
/Users/julian/CodingProjects/UniT3/QuarticSpeedupK-XOR/z_Daphne/data/final_problem_set/kxor_instance_n14_k2_m97_ell2_eps0.3_kappa1.0_rho0.0.npz,/Users/julian/CodingProjects/UniT3/QuarticSpeedupK-XOR/logs/final_problem_set/kxor_instance_n14_k2_m97_ell2_eps0.3_kappa1.0_rho0.0.log,14,97,False,14,0.31958762886597936,,
/Users/julian/CodingProjects/UniT3/QuarticSpeedupK-XOR/z_Daphne/data/final_problem_set/kxor_instance_n14_k2_m97_ell2_eps0.3_kappa1.0_rho0.2.npz,/Users/julian/CodingProjects/UniT3/QuarticSpeedupK-XOR/logs/final_problem_set/kxor_instance_n14_k2_m97_ell2_eps0.3_kappa1.0_rho0.2.log,14,97,False,14,0.29896907216494845,0.21428571428571427,0.5714285714285714
/Users/julian/CodingProjects/UniT3/QuarticSpeedupK-XOR/z_Daphne/data/final_problem_set/kxor_instance_n14_k2_m97_ell2_eps0.3_kappa1.0_rho0.4.npz,/Users/julian/CodingProjects/UniT3/QuarticSpeedupK-XOR/logs/final_problem_set/kxor_instance_n14_k2_m97_ell2_eps0.3_kappa1.0_rho0.4.log,14,97,False,14,0.5051546391752577,0.0,1.0
/Users/julian/CodingProjects/UniT3/QuarticSpeedupK-XOR/z_Daphne/data/final_problem_set/kxor_instance_n14_k2_m97_ell2_eps0.3_kappa1.0_rho0.6.npz,/Users/julian/CodingProjects/UniT3/QuarticSpeedupK-XOR/logs/final_problem_set/kxor_instance_n14_k2_m97_ell2_eps0.3_kappa1.0_rho0.6.log,14,97,False,14,0.6288659793814433,0.0,1.0
/Users/julian/CodingProjects/UniT3/QuarticSpeedupK-XOR/z_Daphne/data/final_problem_set/kxor_instance_n14_k2_m97_ell2_eps0.3_kappa1.0_rho0.8.npz,/Users/julian/CodingProjects/UniT3/QuarticSpeedupK-XOR/logs/final_problem_set/kxor_instance_n14_k2_m97_ell2_eps0.3_kappa1.0_rho0.8.log,14,97,False,14,0.8350515463917526,0.0,1.0
/Users/julian/CodingProjects/UniT3/QuarticSpeedupK-XOR/z_Daphne/data/final_problem_set/kxor_instance_n14_k2_m97_ell2_eps0.3_kappa1.0_rho1.0.npz,/Users/julian/CodingProjects/UniT3/QuarticSpeedupK-XOR/logs/final_problem_set/kxor_instance_n14_k2_m97_ell2_eps0.3_kappa1.0_rho1.0.log,14,97,False,14,1.0,0.0,1.0
/Users/julian/CodingProjects/UniT3/QuarticSpeedupK-XOR/z_Daphne/data/final_problem_set/kxor_instance_n15_k2_m102_ell2_eps0.25_kappa1.0_rho0.0.npz,/Users/julian/CodingProjects/UniT3/QuarticSpeedupK-XOR/logs/final_problem_set/kxor_instance_n15_k2_m102_ell2_eps0.25_kappa1.0_rho0.0.log,15,102,False,15,0.3333333333333333,,
/Users/julian/CodingProjects/UniT3/QuarticSpeedupK-XOR/z_Daphne/data/final_problem_set/kxor_instance_n15_k2_m102_ell2_eps0.25_kappa1.0_rho0.2.npz,/Users/julian/CodingProjects/UniT3/QuarticSpeedupK-XOR/logs/final_problem_set/kxor_instance_n15_k2_m102_ell2_eps0.25_kappa1.0_rho0.2.log,15,102,False,15,0.2549019607843137,0.26666666666666666,0.4666666666666667
/Users/julian/CodingProjects/UniT3/QuarticSpeedupK-XOR/z_Daphne/data/final_problem_set/kxor_instance_n15_k2_m102_ell2_eps0.25_kappa1.0_rho0.4.npz,/Users/julian/CodingProjects/UniT3/QuarticSpeedupK-XOR/logs/final_problem_set/kxor_instance_n15_k2_m102_ell2_eps0.25_kappa1.0_rho0.4.log,15,102,False,15,0.37254901960784315,0.06666666666666667,0.8666666666666667
/Users/julian/CodingProjects/UniT3/QuarticSpeedupK-XOR/z_Daphne/data/final_problem_set/kxor_instance_n15_k2_m102_ell2_eps0.25_kappa1.0_rho0.6.npz,/Users/julian/CodingProjects/UniT3/QuarticSpeedupK-XOR/logs/final_problem_set/kxor_instance_n15_k2_m102_ell2_eps0.25_kappa1.0_rho0.6.log,15,102,False,15,0.6666666666666666,0.0,1.0
/Users/julian/CodingProjects/UniT3/QuarticSpeedupK-XOR/z_Daphne/data/final_problem_set/kxor_instance_n15_k2_m102_ell2_eps0.25_kappa1.0_rho0.8.npz,/Users/julian/CodingProjects/UniT3/QuarticSpeedupK-XOR/logs/final_problem_set/kxor_instance_n15_k2_m102_ell2_eps0.25_kappa1.0_rho0.8.log,15,102,False,15,0.803921568627451,0.0,1.0
/Users/julian/CodingProjects/UniT3/QuarticSpeedupK-XOR/z_Daphne/data/final_problem_set/kxor_instance_n15_k2_m102_ell2_eps0.25_kappa1.0_rho1.0.npz,/Users/julian/CodingProjects/UniT3/QuarticSpeedupK-XOR/logs/final_problem_set/kxor_instance_n15_k2_m102_ell2_eps0.25_kappa1.0_rho1.0.log,15,102,False,15,1.0,0.0,1.0
/Users/julian/CodingProjects/UniT3/QuarticSpeedupK-XOR/z_Daphne/data/final_problem_set/kxor_instance_n15_k2_m106_ell2_eps0.3_kappa1.0_rho0.0.npz,/Users/julian/CodingProjects/UniT3/QuarticSpeedupK-XOR/logs/final_problem_set/kxor_instance_n15_k2_m106_ell2_eps0.3_kappa1.0_rho0.0.log,15,106,False,15,0.1509433962264151,,
/Users/julian/CodingProjects/UniT3/QuarticSpeedupK-XOR/z_Daphne/data/final_problem_set/kxor_instance_n15_k2_m106_ell2_eps0.3_kappa1.0_rho0.2.npz,/Users/julian/CodingProjects/UniT3/QuarticSpeedupK-XOR/logs/final_problem_set/kxor_instance_n15_k2_m106_ell2_eps0.3_kappa1.0_rho0.2.log,15,106,False,15,0.24528301886792453,0.4,0.2
/Users/julian/CodingProjects/UniT3/QuarticSpeedupK-XOR/z_Daphne/data/final_problem_set/kxor_instance_n15_k2_m106_ell2_eps0.3_kappa1.0_rho0.4.npz,/Users/julian/CodingProjects/UniT3/QuarticSpeedupK-XOR/logs/final_problem_set/kxor_instance_n15_k2_m106_ell2_eps0.3_kappa1.0_rho0.4.log,15,106,False,15,0.4528301886792453,0.0,1.0
/Users/julian/CodingProjects/UniT3/QuarticSpeedupK-XOR/z_Daphne/data/final_problem_set/kxor_instance_n15_k2_m106_ell2_eps0.3_kappa1.0_rho0.6.npz,/Users/julian/CodingProjects/UniT3/QuarticSpeedupK-XOR/logs/final_problem_set/kxor_instance_n15_k2_m106_ell2_eps0.3_kappa1.0_rho0.6.log,15,106,False,15,0.5094339622641509,0.06666666666666667,0.8666666666666667
/Users/julian/CodingProjects/UniT3/QuarticSpeedupK-XOR/z_Daphne/data/final_problem_set/kxor_instance_n15_k2_m106_ell2_eps0.3_kappa1.0_rho0.8.npz,/Users/julian/CodingProjects/UniT3/QuarticSpeedupK-XOR/logs/final_problem_set/kxor_instance_n15_k2_m106_ell2_eps0.3_kappa1.0_rho0.8.log,15,106,False,15,0.7924528301886793,0.0,1.0
/Users/julian/CodingProjects/UniT3/QuarticSpeedupK-XOR/z_Daphne/data/final_problem_set/kxor_instance_n15_k2_m106_ell2_eps0.3_kappa1.0_rho1.0.npz,/Users/julian/CodingProjects/UniT3/QuarticSpeedupK-XOR/logs/final_problem_set/kxor_instance_n15_k2_m106_ell2_eps0.3_kappa1.0_rho1.0.log,15,106,False,15,1.0,0.0,1.0
/Users/julian/CodingProjects/UniT3/QuarticSpeedupK-XOR/z_Daphne/data/final_problem_set/kxor_instance_n15_k2_m125_ell2_eps0.25_kappa0.875_rho0.0.npz,/Users/julian/CodingProjects/UniT3/QuarticSpeedupK-XOR/logs/final_problem_set/kxor_instance_n15_k2_m125_ell2_eps0.25_kappa0.875_rho0.0.log,15,125,False,15,0.264,,
/Users/julian/CodingProjects/UniT3/QuarticSpeedupK-XOR/z_Daphne/data/final_problem_set/kxor_instance_n15_k2_m125_ell2_eps0.25_kappa0.875_rho0.2.npz,/Users/julian/CodingProjects/UniT3/QuarticSpeedupK-XOR/logs/final_problem_set/kxor_instance_n15_k2_m125_ell2_eps0.25_kappa0.875_rho0.2.log,15,125,False,15,0.376,0.2,0.6
/Users/julian/CodingProjects/UniT3/QuarticSpeedupK-XOR/z_Daphne/data/final_problem_set/kxor_instance_n15_k2_m125_ell2_eps0.25_kappa0.875_rho0.4.npz,/Users/julian/CodingProjects/UniT3/QuarticSpeedupK-XOR/logs/final_problem_set/kxor_instance_n15_k2_m125_ell2_eps0.25_kappa0.875_rho0.4.log,15,125,False,15,0.168,0.4,0.2
/Users/julian/CodingProjects/UniT3/QuarticSpeedupK-XOR/z_Daphne/data/final_problem_set/kxor_instance_n15_k2_m125_ell2_eps0.25_kappa0.875_rho0.6.npz,/Users/julian/CodingProjects/UniT3/QuarticSpeedupK-XOR/logs/final_problem_set/kxor_instance_n15_k2_m125_ell2_eps0.25_kappa0.875_rho0.6.log,15,125,False,15,0.6,0.0,1.0
/Users/julian/CodingProjects/UniT3/QuarticSpeedupK-XOR/z_Daphne/data/final_problem_set/kxor_instance_n15_k2_m125_ell2_eps0.25_kappa0.875_rho0.8.npz,/Users/julian/CodingProjects/UniT3/QuarticSpeedupK-XOR/logs/final_problem_set/kxor_instance_n15_k2_m125_ell2_eps0.25_kappa0.875_rho0.8.log,15,125,False,15,0.856,0.0,1.0
/Users/julian/CodingProjects/UniT3/QuarticSpeedupK-XOR/z_Daphne/data/final_problem_set/kxor_instance_n15_k2_m125_ell2_eps0.25_kappa0.875_rho1.0.npz,/Users/julian/CodingProjects/UniT3/QuarticSpeedupK-XOR/logs/final_problem_set/kxor_instance_n15_k2_m125_ell2_eps0.25_kappa0.875_rho1.0.log,15,125,False,15,1.0,0.0,1.0
/Users/julian/CodingProjects/UniT3/QuarticSpeedupK-XOR/z_Daphne/data/final_problem_set/kxor_instance_n15_k2_m130_ell2_eps0.3_kappa0.875_rho0.0.npz,/Users/julian/CodingProjects/UniT3/QuarticSpeedupK-XOR/logs/final_problem_set/kxor_instance_n15_k2_m130_ell2_eps0.3_kappa0.875_rho0.0.log,15,130,False,15,0.26153846153846155,,
/Users/julian/CodingProjects/UniT3/QuarticSpeedupK-XOR/z_Daphne/data/final_problem_set/kxor_instance_n15_k2_m130_ell2_eps0.3_kappa0.875_rho0.2.npz,/Users/julian/CodingProjects/UniT3/QuarticSpeedupK-XOR/logs/final_problem_set/kxor_instance_n15_k2_m130_ell2_eps0.3_kappa0.875_rho0.2.log,15,130,False,15,0.23076923076923078,0.13333333333333333,0.7333333333333333
/Users/julian/CodingProjects/UniT3/QuarticSpeedupK-XOR/z_Daphne/data/final_problem_set/kxor_instance_n15_k2_m130_ell2_eps0.3_kappa0.875_rho0.4.npz,/Users/julian/CodingProjects/UniT3/QuarticSpeedupK-XOR/logs/final_problem_set/kxor_instance_n15_k2_m130_ell2_eps0.3_kappa0.875_rho0.4.log,15,130,False,15,0.4153846153846154,0.13333333333333333,0.7333333333333333
/Users/julian/CodingProjects/UniT3/QuarticSpeedupK-XOR/z_Daphne/data/final_problem_set/kxor_instance_n15_k2_m130_ell2_eps0.3_kappa0.875_rho0.6.npz,/Users/julian/CodingProjects/UniT3/QuarticSpeedupK-XOR/logs/final_problem_set/kxor_instance_n15_k2_m130_ell2_eps0.3_kappa0.875_rho0.6.log,15,130,False,15,0.4461538461538462,0.13333333333333333,0.7333333333333333
/Users/julian/CodingProjects/UniT3/QuarticSpeedupK-XOR/z_Daphne/data/final_problem_set/kxor_instance_n15_k2_m130_ell2_eps0.3_kappa0.875_rho0.8.npz,/Users/julian/CodingProjects/UniT3/QuarticSpeedupK-XOR/logs/final_problem_set/kxor_instance_n15_k2_m130_ell2_eps0.3_kappa0.875_rho0.8.log,15,130,False,15,0.8153846153846154,0.0,1.0
/Users/julian/CodingProjects/UniT3/QuarticSpeedupK-XOR/z_Daphne/data/final_problem_set/kxor_instance_n15_k2_m130_ell2_eps0.3_kappa0.875_rho1.0.npz,/Users/julian/CodingProjects/UniT3/QuarticSpeedupK-XOR/logs/final_problem_set/kxor_instance_n15_k2_m130_ell2_eps0.3_kappa0.875_rho1.0.log,15,130,False,15,1.0,0.0,1.0
/Users/julian/CodingProjects/UniT3/QuarticSpeedupK-XOR/z_Daphne/data/final_problem_set/kxor_instance_n15_k2_m158_ell2_eps0.25_kappa0.75_rho0.0.npz,/Users/julian/CodingProjects/UniT3/QuarticSpeedupK-XOR/logs/final_problem_set/kxor_instance_n15_k2_m158_ell2_eps0.25_kappa0.75_rho0.0.log,15,158,False,15,0.27848101265822783,,
/Users/julian/CodingProjects/UniT3/QuarticSpeedupK-XOR/z_Daphne/data/final_problem_set/kxor_instance_n15_k2_m158_ell2_eps0.25_kappa0.75_rho0.2.npz,/Users/julian/CodingProjects/UniT3/QuarticSpeedupK-XOR/logs/final_problem_set/kxor_instance_n15_k2_m158_ell2_eps0.25_kappa0.75_rho0.2.log,15,158,False,15,0.27848101265822783,0.4666666666666667,0.06666666666666667
/Users/julian/CodingProjects/UniT3/QuarticSpeedupK-XOR/z_Daphne/data/final_problem_set/kxor_instance_n15_k2_m158_ell2_eps0.25_kappa0.75_rho0.4.npz,/Users/julian/CodingProjects/UniT3/QuarticSpeedupK-XOR/logs/final_problem_set/kxor_instance_n15_k2_m158_ell2_eps0.25_kappa0.75_rho0.4.log,15,158,False,15,0.35443037974683544,0.06666666666666667,0.8666666666666667
/Users/julian/CodingProjects/UniT3/QuarticSpeedupK-XOR/z_Daphne/data/final_problem_set/kxor_instance_n15_k2_m158_ell2_eps0.25_kappa0.75_rho0.6.npz,/Users/julian/CodingProjects/UniT3/QuarticSpeedupK-XOR/logs/final_problem_set/kxor_instance_n15_k2_m158_ell2_eps0.25_kappa0.75_rho0.6.log,15,158,False,15,0.6329113924050633,0.0,1.0
/Users/julian/CodingProjects/UniT3/QuarticSpeedupK-XOR/z_Daphne/data/final_problem_set/kxor_instance_n15_k2_m158_ell2_eps0.25_kappa0.75_rho0.8.npz,/Users/julian/CodingProjects/UniT3/QuarticSpeedupK-XOR/logs/final_problem_set/kxor_instance_n15_k2_m158_ell2_eps0.25_kappa0.75_rho0.8.log,15,158,False,15,0.7848101265822784,0.0,1.0
/Users/julian/CodingProjects/UniT3/QuarticSpeedupK-XOR/z_Daphne/data/final_problem_set/kxor_instance_n15_k2_m158_ell2_eps0.25_kappa0.75_rho1.0.npz,/Users/julian/CodingProjects/UniT3/QuarticSpeedupK-XOR/logs/final_problem_set/kxor_instance_n15_k2_m158_ell2_eps0.25_kappa0.75_rho1.0.log,15,158,False,15,1.0,0.0,1.0
/Users/julian/CodingProjects/UniT3/QuarticSpeedupK-XOR/z_Daphne/data/final_problem_set/kxor_instance_n16_k2_m107_ell2_eps0.2_kappa1.0_rho0.0.npz,/Users/julian/CodingProjects/UniT3/QuarticSpeedupK-XOR/logs/final_problem_set/kxor_instance_n16_k2_m107_ell2_eps0.2_kappa1.0_rho0.0.log,16,107,False,16,0.2897196261682243,,
/Users/julian/CodingProjects/UniT3/QuarticSpeedupK-XOR/z_Daphne/data/final_problem_set/kxor_instance_n16_k2_m107_ell2_eps0.2_kappa1.0_rho0.2.npz,/Users/julian/CodingProjects/UniT3/QuarticSpeedupK-XOR/logs/final_problem_set/kxor_instance_n16_k2_m107_ell2_eps0.2_kappa1.0_rho0.2.log,16,107,False,16,0.38317757009345793,0.0,1.0
/Users/julian/CodingProjects/UniT3/QuarticSpeedupK-XOR/z_Daphne/data/final_problem_set/kxor_instance_n16_k2_m107_ell2_eps0.2_kappa1.0_rho0.4.npz,/Users/julian/CodingProjects/UniT3/QuarticSpeedupK-XOR/logs/final_problem_set/kxor_instance_n16_k2_m107_ell2_eps0.2_kappa1.0_rho0.4.log,16,107,False,16,0.45794392523364486,0.0,1.0
/Users/julian/CodingProjects/UniT3/QuarticSpeedupK-XOR/z_Daphne/data/final_problem_set/kxor_instance_n16_k2_m107_ell2_eps0.2_kappa1.0_rho0.6.npz,/Users/julian/CodingProjects/UniT3/QuarticSpeedupK-XOR/logs/final_problem_set/kxor_instance_n16_k2_m107_ell2_eps0.2_kappa1.0_rho0.6.log,16,107,False,16,0.4392523364485981,0.125,0.75
/Users/julian/CodingProjects/UniT3/QuarticSpeedupK-XOR/z_Daphne/data/final_problem_set/kxor_instance_n16_k2_m107_ell2_eps0.2_kappa1.0_rho0.8.npz,/Users/julian/CodingProjects/UniT3/QuarticSpeedupK-XOR/logs/final_problem_set/kxor_instance_n16_k2_m107_ell2_eps0.2_kappa1.0_rho0.8.log,16,107,False,16,0.8878504672897196,0.0,1.0
/Users/julian/CodingProjects/UniT3/QuarticSpeedupK-XOR/z_Daphne/data/final_problem_set/kxor_instance_n16_k2_m107_ell2_eps0.2_kappa1.0_rho1.0.npz,/Users/julian/CodingProjects/UniT3/QuarticSpeedupK-XOR/logs/final_problem_set/kxor_instance_n16_k2_m107_ell2_eps0.2_kappa1.0_rho1.0.log,16,107,False,16,1.0,0.0,1.0
/Users/julian/CodingProjects/UniT3/QuarticSpeedupK-XOR/z_Daphne/data/final_problem_set/kxor_instance_n16_k2_m111_ell2_eps0.25_kappa1.0_rho0.0.npz,/Users/julian/CodingProjects/UniT3/QuarticSpeedupK-XOR/logs/final_problem_set/kxor_instance_n16_k2_m111_ell2_eps0.25_kappa1.0_rho0.0.log,16,111,False,16,0.35135135135135137,,
/Users/julian/CodingProjects/UniT3/QuarticSpeedupK-XOR/z_Daphne/data/final_problem_set/kxor_instance_n16_k2_m111_ell2_eps0.25_kappa1.0_rho0.2.npz,/Users/julian/CodingProjects/UniT3/QuarticSpeedupK-XOR/logs/final_problem_set/kxor_instance_n16_k2_m111_ell2_eps0.25_kappa1.0_rho0.2.log,16,111,False,16,0.35135135135135137,0.3125,0.375
/Users/julian/CodingProjects/UniT3/QuarticSpeedupK-XOR/z_Daphne/data/final_problem_set/kxor_instance_n16_k2_m111_ell2_eps0.25_kappa1.0_rho0.4.npz,/Users/julian/CodingProjects/UniT3/QuarticSpeedupK-XOR/logs/final_problem_set/kxor_instance_n16_k2_m111_ell2_eps0.25_kappa1.0_rho0.4.log,16,111,False,16,0.40540540540540543,0.125,0.75
/Users/julian/CodingProjects/UniT3/QuarticSpeedupK-XOR/z_Daphne/data/final_problem_set/kxor_instance_n16_k2_m111_ell2_eps0.25_kappa1.0_rho0.6.npz,/Users/julian/CodingProjects/UniT3/QuarticSpeedupK-XOR/logs/final_problem_set/kxor_instance_n16_k2_m111_ell2_eps0.25_kappa1.0_rho0.6.log,16,111,False,16,0.5135135135135135,0.0,1.0
/Users/julian/CodingProjects/UniT3/QuarticSpeedupK-XOR/z_Daphne/data/final_problem_set/kxor_instance_n16_k2_m111_ell2_eps0.25_kappa1.0_rho0.8.npz,/Users/julian/CodingProjects/UniT3/QuarticSpeedupK-XOR/logs/final_problem_set/kxor_instance_n16_k2_m111_ell2_eps0.25_kappa1.0_rho0.8.log,16,111,False,16,0.8198198198198198,0.0,1.0
/Users/julian/CodingProjects/UniT3/QuarticSpeedupK-XOR/z_Daphne/data/final_problem_set/kxor_instance_n16_k2_m111_ell2_eps0.25_kappa1.0_rho1.0.npz,/Users/julian/CodingProjects/UniT3/QuarticSpeedupK-XOR/logs/final_problem_set/kxor_instance_n16_k2_m111_ell2_eps0.25_kappa1.0_rho1.0.log,16,111,False,16,1.0,0.0,1.0
/Users/julian/CodingProjects/UniT3/QuarticSpeedupK-XOR/z_Daphne/data/final_problem_set/kxor_instance_n16_k2_m116_ell2_eps0.3_kappa1.0_rho0.0.npz,/Users/julian/CodingProjects/UniT3/QuarticSpeedupK-XOR/logs/final_problem_set/kxor_instance_n16_k2_m116_ell2_eps0.3_kappa1.0_rho0.0.log,16,116,False,16,0.39655172413793105,,
/Users/julian/CodingProjects/UniT3/QuarticSpeedupK-XOR/z_Daphne/data/final_problem_set/kxor_instance_n16_k2_m116_ell2_eps0.3_kappa1.0_rho0.2.npz,/Users/julian/CodingProjects/UniT3/QuarticSpeedupK-XOR/logs/final_problem_set/kxor_instance_n16_k2_m116_ell2_eps0.3_kappa1.0_rho0.2.log,16,116,False,16,0.3275862068965517,0.375,0.25
/Users/julian/CodingProjects/UniT3/QuarticSpeedupK-XOR/z_Daphne/data/final_problem_set/kxor_instance_n16_k2_m116_ell2_eps0.3_kappa1.0_rho0.4.npz,/Users/julian/CodingProjects/UniT3/QuarticSpeedupK-XOR/logs/final_problem_set/kxor_instance_n16_k2_m116_ell2_eps0.3_kappa1.0_rho0.4.log,16,116,False,16,0.27586206896551724,0.1875,0.625
/Users/julian/CodingProjects/UniT3/QuarticSpeedupK-XOR/z_Daphne/data/final_problem_set/kxor_instance_n16_k2_m116_ell2_eps0.3_kappa1.0_rho0.6.npz,/Users/julian/CodingProjects/UniT3/QuarticSpeedupK-XOR/logs/final_problem_set/kxor_instance_n16_k2_m116_ell2_eps0.3_kappa1.0_rho0.6.log,16,116,False,16,0.5,0.0625,0.875
/Users/julian/CodingProjects/UniT3/QuarticSpeedupK-XOR/z_Daphne/data/final_problem_set/kxor_instance_n16_k2_m116_ell2_eps0.3_kappa1.0_rho0.8.npz,/Users/julian/CodingProjects/UniT3/QuarticSpeedupK-XOR/logs/final_problem_set/kxor_instance_n16_k2_m116_ell2_eps0.3_kappa1.0_rho0.8.log,16,116,False,16,0.7931034482758621,0.0,1.0
/Users/julian/CodingProjects/UniT3/QuarticSpeedupK-XOR/z_Daphne/data/final_problem_set/kxor_instance_n16_k2_m116_ell2_eps0.3_kappa1.0_rho1.0.npz,/Users/julian/CodingProjects/UniT3/QuarticSpeedupK-XOR/logs/final_problem_set/kxor_instance_n16_k2_m116_ell2_eps0.3_kappa1.0_rho1.0.log,16,116,False,16,1.0,0.0,1.0
/Users/julian/CodingProjects/UniT3/QuarticSpeedupK-XOR/z_Daphne/data/final_problem_set/kxor_instance_n16_k2_m131_ell2_eps0.2_kappa0.875_rho0.0.npz,/Users/julian/CodingProjects/UniT3/QuarticSpeedupK-XOR/logs/final_problem_set/kxor_instance_n16_k2_m131_ell2_eps0.2_kappa0.875_rho0.0.log,16,131,False,16,0.20610687022900764,,
/Users/julian/CodingProjects/UniT3/QuarticSpeedupK-XOR/z_Daphne/data/final_problem_set/kxor_instance_n16_k2_m131_ell2_eps0.2_kappa0.875_rho0.2.npz,/Users/julian/CodingProjects/UniT3/QuarticSpeedupK-XOR/logs/final_problem_set/kxor_instance_n16_k2_m131_ell2_eps0.2_kappa0.875_rho0.2.log,16,131,False,16,0.29770992366412213,0.25,0.5
/Users/julian/CodingProjects/UniT3/QuarticSpeedupK-XOR/z_Daphne/data/final_problem_set/kxor_instance_n16_k2_m131_ell2_eps0.2_kappa0.875_rho0.4.npz,/Users/julian/CodingProjects/UniT3/QuarticSpeedupK-XOR/logs/final_problem_set/kxor_instance_n16_k2_m131_ell2_eps0.2_kappa0.875_rho0.4.log,16,131,False,16,0.20610687022900764,0.4375,0.125
/Users/julian/CodingProjects/UniT3/QuarticSpeedupK-XOR/z_Daphne/data/final_problem_set/kxor_instance_n16_k2_m131_ell2_eps0.2_kappa0.875_rho0.6.npz,/Users/julian/CodingProjects/UniT3/QuarticSpeedupK-XOR/logs/final_problem_set/kxor_instance_n16_k2_m131_ell2_eps0.2_kappa0.875_rho0.6.log,16,131,False,16,0.4961832061068702,0.0,1.0
/Users/julian/CodingProjects/UniT3/QuarticSpeedupK-XOR/z_Daphne/data/final_problem_set/kxor_instance_n16_k2_m131_ell2_eps0.2_kappa0.875_rho0.8.npz,/Users/julian/CodingProjects/UniT3/QuarticSpeedupK-XOR/logs/final_problem_set/kxor_instance_n16_k2_m131_ell2_eps0.2_kappa0.875_rho0.8.log,16,131,False,16,0.8625954198473282,0.0,1.0
/Users/julian/CodingProjects/UniT3/QuarticSpeedupK-XOR/z_Daphne/data/final_problem_set/kxor_instance_n16_k2_m131_ell2_eps0.2_kappa0.875_rho1.0.npz,/Users/julian/CodingProjects/UniT3/QuarticSpeedupK-XOR/logs/final_problem_set/kxor_instance_n16_k2_m131_ell2_eps0.2_kappa0.875_rho1.0.log,16,131,False,16,1.0,0.0,1.0
/Users/julian/CodingProjects/UniT3/QuarticSpeedupK-XOR/z_Daphne/data/final_problem_set/kxor_instance_n16_k2_m136_ell2_eps0.25_kappa0.875_rho0.0.npz,/Users/julian/CodingProjects/UniT3/QuarticSpeedupK-XOR/logs/final_problem_set/kxor_instance_n16_k2_m136_ell2_eps0.25_kappa0.875_rho0.0.log,16,136,False,16,0.35294117647058826,,
/Users/julian/CodingProjects/UniT3/QuarticSpeedupK-XOR/z_Daphne/data/final_problem_set/kxor_instance_n16_k2_m136_ell2_eps0.25_kappa0.875_rho0.2.npz,/Users/julian/CodingProjects/UniT3/QuarticSpeedupK-XOR/logs/final_problem_set/kxor_instance_n16_k2_m136_ell2_eps0.25_kappa0.875_rho0.2.log,16,136,False,16,0.25,0.3125,0.375
/Users/julian/CodingProjects/UniT3/QuarticSpeedupK-XOR/z_Daphne/data/final_problem_set/kxor_instance_n16_k2_m136_ell2_eps0.25_kappa0.875_rho0.4.npz,/Users/julian/CodingProjects/UniT3/QuarticSpeedupK-XOR/logs/final_problem_set/kxor_instance_n16_k2_m136_ell2_eps0.25_kappa0.875_rho0.4.log,16,136,False,16,0.27941176470588236,0.5,0.0
/Users/julian/CodingProjects/UniT3/QuarticSpeedupK-XOR/z_Daphne/data/final_problem_set/kxor_instance_n16_k2_m136_ell2_eps0.25_kappa0.875_rho0.6.npz,/Users/julian/CodingProjects/UniT3/QuarticSpeedupK-XOR/logs/final_problem_set/kxor_instance_n16_k2_m136_ell2_eps0.25_kappa0.875_rho0.6.log,16,136,False,16,0.5588235294117647,0.0625,0.875
/Users/julian/CodingProjects/UniT3/QuarticSpeedupK-XOR/z_Daphne/data/final_problem_set/kxor_instance_n16_k2_m136_ell2_eps0.25_kappa0.875_rho0.8.npz,/Users/julian/CodingProjects/UniT3/QuarticSpeedupK-XOR/logs/final_problem_set/kxor_instance_n16_k2_m136_ell2_eps0.25_kappa0.875_rho0.8.log,16,136,False,16,0.8088235294117647,0.0,1.0
/Users/julian/CodingProjects/UniT3/QuarticSpeedupK-XOR/z_Daphne/data/final_problem_set/kxor_instance_n16_k2_m136_ell2_eps0.25_kappa0.875_rho1.0.npz,/Users/julian/CodingProjects/UniT3/QuarticSpeedupK-XOR/logs/final_problem_set/kxor_instance_n16_k2_m136_ell2_eps0.25_kappa0.875_rho1.0.log,16,136,False,16,1.0,0.0,1.0
/Users/julian/CodingProjects/UniT3/QuarticSpeedupK-XOR/z_Daphne/data/final_problem_set/kxor_instance_n16_k2_m142_ell2_eps0.3_kappa0.875_rho0.0.npz,/Users/julian/CodingProjects/UniT3/QuarticSpeedupK-XOR/logs/final_problem_set/kxor_instance_n16_k2_m142_ell2_eps0.3_kappa0.875_rho0.0.log,16,142,False,16,0.19718309859154928,,
/Users/julian/CodingProjects/UniT3/QuarticSpeedupK-XOR/z_Daphne/data/final_problem_set/kxor_instance_n16_k2_m142_ell2_eps0.3_kappa0.875_rho0.2.npz,/Users/julian/CodingProjects/UniT3/QuarticSpeedupK-XOR/logs/final_problem_set/kxor_instance_n16_k2_m142_ell2_eps0.3_kappa0.875_rho0.2.log,16,142,False,16,0.28169014084507044,0.4375,0.125
/Users/julian/CodingProjects/UniT3/QuarticSpeedupK-XOR/z_Daphne/data/final_problem_set/kxor_instance_n16_k2_m142_ell2_eps0.3_kappa0.875_rho0.4.npz,/Users/julian/CodingProjects/UniT3/QuarticSpeedupK-XOR/logs/final_problem_set/kxor_instance_n16_k2_m142_ell2_eps0.3_kappa0.875_rho0.4.log,16,142,False,16,0.29577464788732394,0.0625,0.875
/Users/julian/CodingProjects/UniT3/QuarticSpeedupK-XOR/z_Daphne/data/final_problem_set/kxor_instance_n16_k2_m142_ell2_eps0.3_kappa0.875_rho0.6.npz,/Users/julian/CodingProjects/UniT3/QuarticSpeedupK-XOR/logs/final_problem_set/kxor_instance_n16_k2_m142_ell2_eps0.3_kappa0.875_rho0.6.log,16,142,False,16,0.5492957746478874,0.0,1.0
/Users/julian/CodingProjects/UniT3/QuarticSpeedupK-XOR/z_Daphne/data/final_problem_set/kxor_instance_n16_k2_m142_ell2_eps0.3_kappa0.875_rho0.8.npz,/Users/julian/CodingProjects/UniT3/QuarticSpeedupK-XOR/logs/final_problem_set/kxor_instance_n16_k2_m142_ell2_eps0.3_kappa0.875_rho0.8.log,16,142,False,16,0.704225352112676,0.0625,0.875
/Users/julian/CodingProjects/UniT3/QuarticSpeedupK-XOR/z_Daphne/data/final_problem_set/kxor_instance_n16_k2_m142_ell2_eps0.3_kappa0.875_rho1.0.npz,/Users/julian/CodingProjects/UniT3/QuarticSpeedupK-XOR/logs/final_problem_set/kxor_instance_n16_k2_m142_ell2_eps0.3_kappa0.875_rho1.0.log,16,142,False,16,1.0,0.0,1.0
/Users/julian/CodingProjects/UniT3/QuarticSpeedupK-XOR/z_Daphne/data/final_problem_set/kxor_instance_n16_k2_m166_ell2_eps0.2_kappa0.75_rho0.0.npz,/Users/julian/CodingProjects/UniT3/QuarticSpeedupK-XOR/logs/final_problem_set/kxor_instance_n16_k2_m166_ell2_eps0.2_kappa0.75_rho0.0.log,16,166,False,16,0.21686746987951808,,
/Users/julian/CodingProjects/UniT3/QuarticSpeedupK-XOR/z_Daphne/data/final_problem_set/kxor_instance_n16_k2_m166_ell2_eps0.2_kappa0.75_rho0.2.npz,/Users/julian/CodingProjects/UniT3/QuarticSpeedupK-XOR/logs/final_problem_set/kxor_instance_n16_k2_m166_ell2_eps0.2_kappa0.75_rho0.2.log,16,166,False,16,0.24096385542168675,0.375,0.25
/Users/julian/CodingProjects/UniT3/QuarticSpeedupK-XOR/z_Daphne/data/final_problem_set/kxor_instance_n16_k2_m166_ell2_eps0.2_kappa0.75_rho0.4.npz,/Users/julian/CodingProjects/UniT3/QuarticSpeedupK-XOR/logs/final_problem_set/kxor_instance_n16_k2_m166_ell2_eps0.2_kappa0.75_rho0.4.log,16,166,False,16,0.39759036144578314,0.125,0.75
/Users/julian/CodingProjects/UniT3/QuarticSpeedupK-XOR/z_Daphne/data/final_problem_set/kxor_instance_n16_k2_m166_ell2_eps0.2_kappa0.75_rho0.6.npz,/Users/julian/CodingProjects/UniT3/QuarticSpeedupK-XOR/logs/final_problem_set/kxor_instance_n16_k2_m166_ell2_eps0.2_kappa0.75_rho0.6.log,16,166,False,16,0.5903614457831325,0.0,1.0
/Users/julian/CodingProjects/UniT3/QuarticSpeedupK-XOR/z_Daphne/data/final_problem_set/kxor_instance_n16_k2_m166_ell2_eps0.2_kappa0.75_rho0.8.npz,/Users/julian/CodingProjects/UniT3/QuarticSpeedupK-XOR/logs/final_problem_set/kxor_instance_n16_k2_m166_ell2_eps0.2_kappa0.75_rho0.8.log,16,166,False,16,0.7710843373493976,0.0,1.0
/Users/julian/CodingProjects/UniT3/QuarticSpeedupK-XOR/z_Daphne/data/final_problem_set/kxor_instance_n16_k2_m166_ell2_eps0.2_kappa0.75_rho1.0.npz,/Users/julian/CodingProjects/UniT3/QuarticSpeedupK-XOR/logs/final_problem_set/kxor_instance_n16_k2_m166_ell2_eps0.2_kappa0.75_rho1.0.log,16,166,False,16,1.0,0.0,1.0
/Users/julian/CodingProjects/UniT3/QuarticSpeedupK-XOR/z_Daphne/data/final_problem_set/kxor_instance_n16_k2_m173_ell2_eps0.25_kappa0.75_rho0.0.npz,/Users/julian/CodingProjects/UniT3/QuarticSpeedupK-XOR/logs/final_problem_set/kxor_instance_n16_k2_m173_ell2_eps0.25_kappa0.75_rho0.0.log,16,173,False,16,0.05202312138728324,,
/Users/julian/CodingProjects/UniT3/QuarticSpeedupK-XOR/z_Daphne/data/final_problem_set/kxor_instance_n16_k2_m173_ell2_eps0.25_kappa0.75_rho0.2.npz,/Users/julian/CodingProjects/UniT3/QuarticSpeedupK-XOR/logs/final_problem_set/kxor_instance_n16_k2_m173_ell2_eps0.25_kappa0.75_rho0.2.log,16,173,False,16,0.26011560693641617,0.375,0.25
/Users/julian/CodingProjects/UniT3/QuarticSpeedupK-XOR/z_Daphne/data/final_problem_set/kxor_instance_n16_k2_m173_ell2_eps0.25_kappa0.75_rho0.4.npz,/Users/julian/CodingProjects/UniT3/QuarticSpeedupK-XOR/logs/final_problem_set/kxor_instance_n16_k2_m173_ell2_eps0.25_kappa0.75_rho0.4.log,16,173,False,16,0.27167630057803466,0.0625,0.875
/Users/julian/CodingProjects/UniT3/QuarticSpeedupK-XOR/z_Daphne/data/final_problem_set/kxor_instance_n16_k2_m173_ell2_eps0.25_kappa0.75_rho0.6.npz,/Users/julian/CodingProjects/UniT3/QuarticSpeedupK-XOR/logs/final_problem_set/kxor_instance_n16_k2_m173_ell2_eps0.25_kappa0.75_rho0.6.log,16,173,False,16,0.5491329479768786,0.0,1.0
/Users/julian/CodingProjects/UniT3/QuarticSpeedupK-XOR/z_Daphne/data/final_problem_set/kxor_instance_n16_k2_m173_ell2_eps0.25_kappa0.75_rho0.8.npz,/Users/julian/CodingProjects/UniT3/QuarticSpeedupK-XOR/logs/final_problem_set/kxor_instance_n16_k2_m173_ell2_eps0.25_kappa0.75_rho0.8.log,16,173,False,16,0.861271676300578,0.0,1.0
/Users/julian/CodingProjects/UniT3/QuarticSpeedupK-XOR/z_Daphne/data/final_problem_set/kxor_instance_n16_k2_m173_ell2_eps0.25_kappa0.75_rho1.0.npz,/Users/julian/CodingProjects/UniT3/QuarticSpeedupK-XOR/logs/final_problem_set/kxor_instance_n16_k2_m173_ell2_eps0.25_kappa0.75_rho1.0.log,16,173,False,16,1.0,0.0,1.0
/Users/julian/CodingProjects/UniT3/QuarticSpeedupK-XOR/z_Daphne/data/final_problem_set/kxor_instance_n16_k2_m222_ell2_eps0.2_kappa0.625_rho0.0.npz,/Users/julian/CodingProjects/UniT3/QuarticSpeedupK-XOR/logs/final_problem_set/kxor_instance_n16_k2_m222_ell2_eps0.2_kappa0.625_rho0.0.log,16,222,False,16,0.13513513513513514,,
/Users/julian/CodingProjects/UniT3/QuarticSpeedupK-XOR/z_Daphne/data/final_problem_set/kxor_instance_n16_k2_m222_ell2_eps0.2_kappa0.625_rho0.2.npz,/Users/julian/CodingProjects/UniT3/QuarticSpeedupK-XOR/logs/final_problem_set/kxor_instance_n16_k2_m222_ell2_eps0.2_kappa0.625_rho0.2.log,16,222,False,16,0.18018018018018017,0.5,0.0
/Users/julian/CodingProjects/UniT3/QuarticSpeedupK-XOR/z_Daphne/data/final_problem_set/kxor_instance_n16_k2_m222_ell2_eps0.2_kappa0.625_rho0.4.npz,/Users/julian/CodingProjects/UniT3/QuarticSpeedupK-XOR/logs/final_problem_set/kxor_instance_n16_k2_m222_ell2_eps0.2_kappa0.625_rho0.4.log,16,222,False,16,0.16216216216216217,0.4375,0.125
/Users/julian/CodingProjects/UniT3/QuarticSpeedupK-XOR/z_Daphne/data/final_problem_set/kxor_instance_n16_k2_m222_ell2_eps0.2_kappa0.625_rho0.6.npz,/Users/julian/CodingProjects/UniT3/QuarticSpeedupK-XOR/logs/final_problem_set/kxor_instance_n16_k2_m222_ell2_eps0.2_kappa0.625_rho0.6.log,16,222,False,16,0.6216216216216216,0.0,1.0
/Users/julian/CodingProjects/UniT3/QuarticSpeedupK-XOR/z_Daphne/data/final_problem_set/kxor_instance_n16_k2_m222_ell2_eps0.2_kappa0.625_rho0.8.npz,/Users/julian/CodingProjects/UniT3/QuarticSpeedupK-XOR/logs/final_problem_set/kxor_instance_n16_k2_m222_ell2_eps0.2_kappa0.625_rho0.8.log,16,222,False,16,0.8918918918918919,0.0,1.0
/Users/julian/CodingProjects/UniT3/QuarticSpeedupK-XOR/z_Daphne/data/final_problem_set/kxor_instance_n16_k2_m222_ell2_eps0.2_kappa0.625_rho1.0.npz,/Users/julian/CodingProjects/UniT3/QuarticSpeedupK-XOR/logs/final_problem_set/kxor_instance_n16_k2_m222_ell2_eps0.2_kappa0.625_rho1.0.log,16,222,False,16,1.0,0.0,1.0
/Users/julian/CodingProjects/UniT3/QuarticSpeedupK-XOR/z_Daphne/data/final_problem_set/kxor_instance_n17_k2_m116_ell2_eps0.2_kappa1.0_rho0.0.npz,/Users/julian/CodingProjects/UniT3/QuarticSpeedupK-XOR/logs/final_problem_set/kxor_instance_n17_k2_m116_ell2_eps0.2_kappa1.0_rho0.0.log,17,116,False,17,0.3275862068965517,,
/Users/julian/CodingProjects/UniT3/QuarticSpeedupK-XOR/z_Daphne/data/final_problem_set/kxor_instance_n17_k2_m116_ell2_eps0.2_kappa1.0_rho0.2.npz,/Users/julian/CodingProjects/UniT3/QuarticSpeedupK-XOR/logs/final_problem_set/kxor_instance_n17_k2_m116_ell2_eps0.2_kappa1.0_rho0.2.log,17,116,False,17,0.3448275862068966,0.4117647058823529,0.17647058823529413
/Users/julian/CodingProjects/UniT3/QuarticSpeedupK-XOR/z_Daphne/data/final_problem_set/kxor_instance_n17_k2_m116_ell2_eps0.2_kappa1.0_rho0.4.npz,/Users/julian/CodingProjects/UniT3/QuarticSpeedupK-XOR/logs/final_problem_set/kxor_instance_n17_k2_m116_ell2_eps0.2_kappa1.0_rho0.4.log,17,116,False,17,0.3275862068965517,0.35294117647058826,0.29411764705882354
/Users/julian/CodingProjects/UniT3/QuarticSpeedupK-XOR/z_Daphne/data/final_problem_set/kxor_instance_n17_k2_m116_ell2_eps0.2_kappa1.0_rho0.6.npz,/Users/julian/CodingProjects/UniT3/QuarticSpeedupK-XOR/logs/final_problem_set/kxor_instance_n17_k2_m116_ell2_eps0.2_kappa1.0_rho0.6.log,17,116,False,17,0.6206896551724138,0.0,1.0
/Users/julian/CodingProjects/UniT3/QuarticSpeedupK-XOR/z_Daphne/data/final_problem_set/kxor_instance_n17_k2_m116_ell2_eps0.2_kappa1.0_rho0.8.npz,/Users/julian/CodingProjects/UniT3/QuarticSpeedupK-XOR/logs/final_problem_set/kxor_instance_n17_k2_m116_ell2_eps0.2_kappa1.0_rho0.8.log,17,116,False,17,0.7413793103448276,0.0,1.0
/Users/julian/CodingProjects/UniT3/QuarticSpeedupK-XOR/z_Daphne/data/final_problem_set/kxor_instance_n17_k2_m116_ell2_eps0.2_kappa1.0_rho1.0.npz,/Users/julian/CodingProjects/UniT3/QuarticSpeedupK-XOR/logs/final_problem_set/kxor_instance_n17_k2_m116_ell2_eps0.2_kappa1.0_rho1.0.log,17,116,False,17,1.0,0.0,1.0
/Users/julian/CodingProjects/UniT3/QuarticSpeedupK-XOR/z_Daphne/data/final_problem_set/kxor_instance_n17_k2_m121_ell2_eps0.25_kappa1.0_rho0.0.npz,/Users/julian/CodingProjects/UniT3/QuarticSpeedupK-XOR/logs/final_problem_set/kxor_instance_n17_k2_m121_ell2_eps0.25_kappa1.0_rho0.0.log,17,121,False,17,0.30578512396694213,,
/Users/julian/CodingProjects/UniT3/QuarticSpeedupK-XOR/z_Daphne/data/final_problem_set/kxor_instance_n17_k2_m121_ell2_eps0.25_kappa1.0_rho0.2.npz,/Users/julian/CodingProjects/UniT3/QuarticSpeedupK-XOR/logs/final_problem_set/kxor_instance_n17_k2_m121_ell2_eps0.25_kappa1.0_rho0.2.log,17,121,False,17,0.2727272727272727,0.23529411764705882,0.5294117647058824
/Users/julian/CodingProjects/UniT3/QuarticSpeedupK-XOR/z_Daphne/data/final_problem_set/kxor_instance_n17_k2_m121_ell2_eps0.25_kappa1.0_rho0.4.npz,/Users/julian/CodingProjects/UniT3/QuarticSpeedupK-XOR/logs/final_problem_set/kxor_instance_n17_k2_m121_ell2_eps0.25_kappa1.0_rho0.4.log,17,121,False,17,0.47107438016528924,0.0,1.0
/Users/julian/CodingProjects/UniT3/QuarticSpeedupK-XOR/z_Daphne/data/final_problem_set/kxor_instance_n17_k2_m121_ell2_eps0.25_kappa1.0_rho0.6.npz,/Users/julian/CodingProjects/UniT3/QuarticSpeedupK-XOR/logs/final_problem_set/kxor_instance_n17_k2_m121_ell2_eps0.25_kappa1.0_rho0.6.log,17,121,False,17,0.6198347107438017,0.0,1.0
/Users/julian/CodingProjects/UniT3/QuarticSpeedupK-XOR/z_Daphne/data/final_problem_set/kxor_instance_n17_k2_m121_ell2_eps0.25_kappa1.0_rho0.8.npz,/Users/julian/CodingProjects/UniT3/QuarticSpeedupK-XOR/logs/final_problem_set/kxor_instance_n17_k2_m121_ell2_eps0.25_kappa1.0_rho0.8.log,17,121,False,17,0.8347107438016529,0.0,1.0
/Users/julian/CodingProjects/UniT3/QuarticSpeedupK-XOR/z_Daphne/data/final_problem_set/kxor_instance_n17_k2_m121_ell2_eps0.25_kappa1.0_rho1.0.npz,/Users/julian/CodingProjects/UniT3/QuarticSpeedupK-XOR/logs/final_problem_set/kxor_instance_n17_k2_m121_ell2_eps0.25_kappa1.0_rho1.0.log,17,121,False,17,1.0,0.0,1.0
/Users/julian/CodingProjects/UniT3/QuarticSpeedupK-XOR/z_Daphne/data/final_problem_set/kxor_instance_n17_k2_m126_ell2_eps0.3_kappa1.0_rho0.0.npz,/Users/julian/CodingProjects/UniT3/QuarticSpeedupK-XOR/logs/final_problem_set/kxor_instance_n17_k2_m126_ell2_eps0.3_kappa1.0_rho0.0.log,17,126,False,17,0.2857142857142857,,
/Users/julian/CodingProjects/UniT3/QuarticSpeedupK-XOR/z_Daphne/data/final_problem_set/kxor_instance_n17_k2_m126_ell2_eps0.3_kappa1.0_rho0.2.npz,/Users/julian/CodingProjects/UniT3/QuarticSpeedupK-XOR/logs/final_problem_set/kxor_instance_n17_k2_m126_ell2_eps0.3_kappa1.0_rho0.2.log,17,126,False,17,0.36507936507936506,0.29411764705882354,0.4117647058823529
/Users/julian/CodingProjects/UniT3/QuarticSpeedupK-XOR/z_Daphne/data/final_problem_set/kxor_instance_n17_k2_m126_ell2_eps0.3_kappa1.0_rho0.4.npz,/Users/julian/CodingProjects/UniT3/QuarticSpeedupK-XOR/logs/final_problem_set/kxor_instance_n17_k2_m126_ell2_eps0.3_kappa1.0_rho0.4.log,17,126,False,17,0.2698412698412698,0.23529411764705882,0.5294117647058824
/Users/julian/CodingProjects/UniT3/QuarticSpeedupK-XOR/z_Daphne/data/final_problem_set/kxor_instance_n17_k2_m126_ell2_eps0.3_kappa1.0_rho0.6.npz,/Users/julian/CodingProjects/UniT3/QuarticSpeedupK-XOR/logs/final_problem_set/kxor_instance_n17_k2_m126_ell2_eps0.3_kappa1.0_rho0.6.log,17,126,False,17,0.6190476190476191,0.0,1.0
/Users/julian/CodingProjects/UniT3/QuarticSpeedupK-XOR/z_Daphne/data/final_problem_set/kxor_instance_n17_k2_m126_ell2_eps0.3_kappa1.0_rho0.8.npz,/Users/julian/CodingProjects/UniT3/QuarticSpeedupK-XOR/logs/final_problem_set/kxor_instance_n17_k2_m126_ell2_eps0.3_kappa1.0_rho0.8.log,17,126,False,17,0.7777777777777778,0.0,1.0
/Users/julian/CodingProjects/UniT3/QuarticSpeedupK-XOR/z_Daphne/data/final_problem_set/kxor_instance_n17_k2_m126_ell2_eps0.3_kappa1.0_rho1.0.npz,/Users/julian/CodingProjects/UniT3/QuarticSpeedupK-XOR/logs/final_problem_set/kxor_instance_n17_k2_m126_ell2_eps0.3_kappa1.0_rho1.0.log,17,126,False,17,1.0,0.0,1.0
/Users/julian/CodingProjects/UniT3/QuarticSpeedupK-XOR/z_Daphne/data/final_problem_set/kxor_instance_n17_k2_m142_ell2_eps0.2_kappa0.875_rho0.0.npz,/Users/julian/CodingProjects/UniT3/QuarticSpeedupK-XOR/logs/final_problem_set/kxor_instance_n17_k2_m142_ell2_eps0.2_kappa0.875_rho0.0.log,17,142,False,17,0.19718309859154928,,
/Users/julian/CodingProjects/UniT3/QuarticSpeedupK-XOR/z_Daphne/data/final_problem_set/kxor_instance_n17_k2_m142_ell2_eps0.2_kappa0.875_rho0.2.npz,/Users/julian/CodingProjects/UniT3/QuarticSpeedupK-XOR/logs/final_problem_set/kxor_instance_n17_k2_m142_ell2_eps0.2_kappa0.875_rho0.2.log,17,142,False,17,0.28169014084507044,0.35294117647058826,0.29411764705882354
/Users/julian/CodingProjects/UniT3/QuarticSpeedupK-XOR/z_Daphne/data/final_problem_set/kxor_instance_n17_k2_m142_ell2_eps0.2_kappa0.875_rho0.4.npz,/Users/julian/CodingProjects/UniT3/QuarticSpeedupK-XOR/logs/final_problem_set/kxor_instance_n17_k2_m142_ell2_eps0.2_kappa0.875_rho0.4.log,17,142,False,17,0.3380281690140845,0.11764705882352941,0.7647058823529411
/Users/julian/CodingProjects/UniT3/QuarticSpeedupK-XOR/z_Daphne/data/final_problem_set/kxor_instance_n17_k2_m142_ell2_eps0.2_kappa0.875_rho0.6.npz,/Users/julian/CodingProjects/UniT3/QuarticSpeedupK-XOR/logs/final_problem_set/kxor_instance_n17_k2_m142_ell2_eps0.2_kappa0.875_rho0.6.log,17,142,False,17,0.6056338028169014,0.0,1.0
/Users/julian/CodingProjects/UniT3/QuarticSpeedupK-XOR/z_Daphne/data/final_problem_set/kxor_instance_n17_k2_m142_ell2_eps0.2_kappa0.875_rho0.8.npz,/Users/julian/CodingProjects/UniT3/QuarticSpeedupK-XOR/logs/final_problem_set/kxor_instance_n17_k2_m142_ell2_eps0.2_kappa0.875_rho0.8.log,17,142,False,17,0.8028169014084507,0.0,1.0
/Users/julian/CodingProjects/UniT3/QuarticSpeedupK-XOR/z_Daphne/data/final_problem_set/kxor_instance_n17_k2_m142_ell2_eps0.2_kappa0.875_rho1.0.npz,/Users/julian/CodingProjects/UniT3/QuarticSpeedupK-XOR/logs/final_problem_set/kxor_instance_n17_k2_m142_ell2_eps0.2_kappa0.875_rho1.0.log,17,142,False,17,1.0,0.0,1.0
/Users/julian/CodingProjects/UniT3/QuarticSpeedupK-XOR/z_Daphne/data/final_problem_set/kxor_instance_n17_k2_m148_ell2_eps0.25_kappa0.875_rho0.0.npz,/Users/julian/CodingProjects/UniT3/QuarticSpeedupK-XOR/logs/final_problem_set/kxor_instance_n17_k2_m148_ell2_eps0.25_kappa0.875_rho0.0.log,17,148,False,17,0.28378378378378377,,
/Users/julian/CodingProjects/UniT3/QuarticSpeedupK-XOR/z_Daphne/data/final_problem_set/kxor_instance_n17_k2_m148_ell2_eps0.25_kappa0.875_rho0.2.npz,/Users/julian/CodingProjects/UniT3/QuarticSpeedupK-XOR/logs/final_problem_set/kxor_instance_n17_k2_m148_ell2_eps0.25_kappa0.875_rho0.2.log,17,148,False,17,0.12162162162162163,0.47058823529411764,0.058823529411764705
/Users/julian/CodingProjects/UniT3/QuarticSpeedupK-XOR/z_Daphne/data/final_problem_set/kxor_instance_n17_k2_m148_ell2_eps0.25_kappa0.875_rho0.4.npz,/Users/julian/CodingProjects/UniT3/QuarticSpeedupK-XOR/logs/final_problem_set/kxor_instance_n17_k2_m148_ell2_eps0.25_kappa0.875_rho0.4.log,17,148,False,17,0.3783783783783784,0.11764705882352941,0.7647058823529411
/Users/julian/CodingProjects/UniT3/QuarticSpeedupK-XOR/z_Daphne/data/final_problem_set/kxor_instance_n17_k2_m148_ell2_eps0.25_kappa0.875_rho0.6.npz,/Users/julian/CodingProjects/UniT3/QuarticSpeedupK-XOR/logs/final_problem_set/kxor_instance_n17_k2_m148_ell2_eps0.25_kappa0.875_rho0.6.log,17,148,False,17,0.5945945945945946,0.058823529411764705,0.8823529411764706
/Users/julian/CodingProjects/UniT3/QuarticSpeedupK-XOR/z_Daphne/data/final_problem_set/kxor_instance_n17_k2_m148_ell2_eps0.25_kappa0.875_rho0.8.npz,/Users/julian/CodingProjects/UniT3/QuarticSpeedupK-XOR/logs/final_problem_set/kxor_instance_n17_k2_m148_ell2_eps0.25_kappa0.875_rho0.8.log,17,148,False,17,0.7972972972972973,0.0,1.0
/Users/julian/CodingProjects/UniT3/QuarticSpeedupK-XOR/z_Daphne/data/final_problem_set/kxor_instance_n17_k2_m148_ell2_eps0.25_kappa0.875_rho1.0.npz,/Users/julian/CodingProjects/UniT3/QuarticSpeedupK-XOR/logs/final_problem_set/kxor_instance_n17_k2_m148_ell2_eps0.25_kappa0.875_rho1.0.log,17,148,False,17,1.0,0.0,1.0
/Users/julian/CodingProjects/UniT3/QuarticSpeedupK-XOR/z_Daphne/data/final_problem_set/kxor_instance_n17_k2_m154_ell2_eps0.3_kappa0.875_rho0.0.npz,/Users/julian/CodingProjects/UniT3/QuarticSpeedupK-XOR/logs/final_problem_set/kxor_instance_n17_k2_m154_ell2_eps0.3_kappa0.875_rho0.0.log,17,154,False,17,0.24675324675324675,,
/Users/julian/CodingProjects/UniT3/QuarticSpeedupK-XOR/z_Daphne/data/final_problem_set/kxor_instance_n17_k2_m154_ell2_eps0.3_kappa0.875_rho0.2.npz,/Users/julian/CodingProjects/UniT3/QuarticSpeedupK-XOR/logs/final_problem_set/kxor_instance_n17_k2_m154_ell2_eps0.3_kappa0.875_rho0.2.log,17,154,False,17,0.3246753246753247,0.35294117647058826,0.29411764705882354
/Users/julian/CodingProjects/UniT3/QuarticSpeedupK-XOR/z_Daphne/data/final_problem_set/kxor_instance_n17_k2_m154_ell2_eps0.3_kappa0.875_rho0.4.npz,/Users/julian/CodingProjects/UniT3/QuarticSpeedupK-XOR/logs/final_problem_set/kxor_instance_n17_k2_m154_ell2_eps0.3_kappa0.875_rho0.4.log,17,154,False,17,0.44155844155844154,0.058823529411764705,0.8823529411764706
/Users/julian/CodingProjects/UniT3/QuarticSpeedupK-XOR/z_Daphne/data/final_problem_set/kxor_instance_n17_k2_m154_ell2_eps0.3_kappa0.875_rho0.6.npz,/Users/julian/CodingProjects/UniT3/QuarticSpeedupK-XOR/logs/final_problem_set/kxor_instance_n17_k2_m154_ell2_eps0.3_kappa0.875_rho0.6.log,17,154,False,17,0.5584415584415584,0.0,1.0
/Users/julian/CodingProjects/UniT3/QuarticSpeedupK-XOR/z_Daphne/data/final_problem_set/kxor_instance_n17_k2_m154_ell2_eps0.3_kappa0.875_rho0.8.npz,/Users/julian/CodingProjects/UniT3/QuarticSpeedupK-XOR/logs/final_problem_set/kxor_instance_n17_k2_m154_ell2_eps0.3_kappa0.875_rho0.8.log,17,154,False,17,0.7532467532467533,0.0,1.0
/Users/julian/CodingProjects/UniT3/QuarticSpeedupK-XOR/z_Daphne/data/final_problem_set/kxor_instance_n17_k2_m154_ell2_eps0.3_kappa0.875_rho1.0.npz,/Users/julian/CodingProjects/UniT3/QuarticSpeedupK-XOR/logs/final_problem_set/kxor_instance_n17_k2_m154_ell2_eps0.3_kappa0.875_rho1.0.log,17,154,False,17,1.0,0.0,1.0
/Users/julian/CodingProjects/UniT3/QuarticSpeedupK-XOR/z_Daphne/data/final_problem_set/kxor_instance_n17_k2_m180_ell2_eps0.2_kappa0.75_rho0.0.npz,/Users/julian/CodingProjects/UniT3/QuarticSpeedupK-XOR/logs/final_problem_set/kxor_instance_n17_k2_m180_ell2_eps0.2_kappa0.75_rho0.0.log,17,180,False,17,0.17777777777777778,,
/Users/julian/CodingProjects/UniT3/QuarticSpeedupK-XOR/z_Daphne/data/final_problem_set/kxor_instance_n17_k2_m180_ell2_eps0.2_kappa0.75_rho0.2.npz,/Users/julian/CodingProjects/UniT3/QuarticSpeedupK-XOR/logs/final_problem_set/kxor_instance_n17_k2_m180_ell2_eps0.2_kappa0.75_rho0.2.log,17,180,False,17,0.2,0.35294117647058826,0.29411764705882354
/Users/julian/CodingProjects/UniT3/QuarticSpeedupK-XOR/z_Daphne/data/final_problem_set/kxor_instance_n17_k2_m180_ell2_eps0.2_kappa0.75_rho0.4.npz,/Users/julian/CodingProjects/UniT3/QuarticSpeedupK-XOR/logs/final_problem_set/kxor_instance_n17_k2_m180_ell2_eps0.2_kappa0.75_rho0.4.log,17,180,False,17,0.4111111111111111,0.058823529411764705,0.8823529411764706
/Users/julian/CodingProjects/UniT3/QuarticSpeedupK-XOR/z_Daphne/data/final_problem_set/kxor_instance_n17_k2_m180_ell2_eps0.2_kappa0.75_rho0.6.npz,/Users/julian/CodingProjects/UniT3/QuarticSpeedupK-XOR/logs/final_problem_set/kxor_instance_n17_k2_m180_ell2_eps0.2_kappa0.75_rho0.6.log,17,180,False,17,0.4444444444444444,0.058823529411764705,0.8823529411764706
/Users/julian/CodingProjects/UniT3/QuarticSpeedupK-XOR/z_Daphne/data/final_problem_set/kxor_instance_n17_k2_m180_ell2_eps0.2_kappa0.75_rho0.8.npz,/Users/julian/CodingProjects/UniT3/QuarticSpeedupK-XOR/logs/final_problem_set/kxor_instance_n17_k2_m180_ell2_eps0.2_kappa0.75_rho0.8.log,17,180,False,17,0.8111111111111111,0.0,1.0
/Users/julian/CodingProjects/UniT3/QuarticSpeedupK-XOR/z_Daphne/data/final_problem_set/kxor_instance_n17_k2_m180_ell2_eps0.2_kappa0.75_rho1.0.npz,/Users/julian/CodingProjects/UniT3/QuarticSpeedupK-XOR/logs/final_problem_set/kxor_instance_n17_k2_m180_ell2_eps0.2_kappa0.75_rho1.0.log,17,180,False,17,1.0,0.0,1.0
/Users/julian/CodingProjects/UniT3/QuarticSpeedupK-XOR/z_Daphne/data/final_problem_set/kxor_instance_n17_k2_m188_ell2_eps0.25_kappa0.75_rho0.0.npz,/Users/julian/CodingProjects/UniT3/QuarticSpeedupK-XOR/logs/final_problem_set/kxor_instance_n17_k2_m188_ell2_eps0.25_kappa0.75_rho0.0.log,17,188,False,17,0.2872340425531915,,
/Users/julian/CodingProjects/UniT3/QuarticSpeedupK-XOR/z_Daphne/data/final_problem_set/kxor_instance_n17_k2_m188_ell2_eps0.25_kappa0.75_rho0.2.npz,/Users/julian/CodingProjects/UniT3/QuarticSpeedupK-XOR/logs/final_problem_set/kxor_instance_n17_k2_m188_ell2_eps0.25_kappa0.75_rho0.2.log,17,188,False,17,0.10638297872340426,0.4117647058823529,0.17647058823529413
/Users/julian/CodingProjects/UniT3/QuarticSpeedupK-XOR/z_Daphne/data/final_problem_set/kxor_instance_n17_k2_m188_ell2_eps0.25_kappa0.75_rho0.4.npz,/Users/julian/CodingProjects/UniT3/QuarticSpeedupK-XOR/logs/final_problem_set/kxor_instance_n17_k2_m188_ell2_eps0.25_kappa0.75_rho0.4.log,17,188,False,17,0.48936170212765956,0.0,1.0
/Users/julian/CodingProjects/UniT3/QuarticSpeedupK-XOR/z_Daphne/data/final_problem_set/kxor_instance_n17_k2_m188_ell2_eps0.25_kappa0.75_rho0.6.npz,/Users/julian/CodingProjects/UniT3/QuarticSpeedupK-XOR/logs/final_problem_set/kxor_instance_n17_k2_m188_ell2_eps0.25_kappa0.75_rho0.6.log,17,188,False,17,0.6276595744680851,0.0,1.0
/Users/julian/CodingProjects/UniT3/QuarticSpeedupK-XOR/z_Daphne/data/final_problem_set/kxor_instance_n17_k2_m188_ell2_eps0.25_kappa0.75_rho0.8.npz,/Users/julian/CodingProjects/UniT3/QuarticSpeedupK-XOR/logs/final_problem_set/kxor_instance_n17_k2_m188_ell2_eps0.25_kappa0.75_rho0.8.log,17,188,False,17,0.8191489361702128,0.0,1.0
/Users/julian/CodingProjects/UniT3/QuarticSpeedupK-XOR/z_Daphne/data/final_problem_set/kxor_instance_n17_k2_m188_ell2_eps0.25_kappa0.75_rho1.0.npz,/Users/julian/CodingProjects/UniT3/QuarticSpeedupK-XOR/logs/final_problem_set/kxor_instance_n17_k2_m188_ell2_eps0.25_kappa0.75_rho1.0.log,17,188,False,17,1.0,0.0,1.0
/Users/julian/CodingProjects/UniT3/QuarticSpeedupK-XOR/z_Daphne/data/final_problem_set/kxor_instance_n17_k2_m241_ell2_eps0.2_kappa0.625_rho0.0.npz,/Users/julian/CodingProjects/UniT3/QuarticSpeedupK-XOR/logs/final_problem_set/kxor_instance_n17_k2_m241_ell2_eps0.2_kappa0.625_rho0.0.log,17,241,False,17,0.12033195020746888,,
/Users/julian/CodingProjects/UniT3/QuarticSpeedupK-XOR/z_Daphne/data/final_problem_set/kxor_instance_n17_k2_m241_ell2_eps0.2_kappa0.625_rho0.2.npz,/Users/julian/CodingProjects/UniT3/QuarticSpeedupK-XOR/logs/final_problem_set/kxor_instance_n17_k2_m241_ell2_eps0.2_kappa0.625_rho0.2.log,17,241,False,17,0.3278008298755187,0.11764705882352941,0.7647058823529411
/Users/julian/CodingProjects/UniT3/QuarticSpeedupK-XOR/z_Daphne/data/final_problem_set/kxor_instance_n17_k2_m241_ell2_eps0.2_kappa0.625_rho0.4.npz,/Users/julian/CodingProjects/UniT3/QuarticSpeedupK-XOR/logs/final_problem_set/kxor_instance_n17_k2_m241_ell2_eps0.2_kappa0.625_rho0.4.log,17,241,False,17,0.2863070539419087,0.11764705882352941,0.7647058823529411
/Users/julian/CodingProjects/UniT3/QuarticSpeedupK-XOR/z_Daphne/data/final_problem_set/kxor_instance_n17_k2_m241_ell2_eps0.2_kappa0.625_rho0.6.npz,/Users/julian/CodingProjects/UniT3/QuarticSpeedupK-XOR/logs/final_problem_set/kxor_instance_n17_k2_m241_ell2_eps0.2_kappa0.625_rho0.6.log,17,241,False,17,0.6514522821576764,0.0,1.0
/Users/julian/CodingProjects/UniT3/QuarticSpeedupK-XOR/z_Daphne/data/final_problem_set/kxor_instance_n17_k2_m241_ell2_eps0.2_kappa0.625_rho0.8.npz,/Users/julian/CodingProjects/UniT3/QuarticSpeedupK-XOR/logs/final_problem_set/kxor_instance_n17_k2_m241_ell2_eps0.2_kappa0.625_rho0.8.log,17,241,False,17,0.7593360995850622,0.0,1.0
/Users/julian/CodingProjects/UniT3/QuarticSpeedupK-XOR/z_Daphne/data/final_problem_set/kxor_instance_n17_k2_m241_ell2_eps0.2_kappa0.625_rho1.0.npz,/Users/julian/CodingProjects/UniT3/QuarticSpeedupK-XOR/logs/final_problem_set/kxor_instance_n17_k2_m241_ell2_eps0.2_kappa0.625_rho1.0.log,17,241,False,17,1.0,0.0,1.0
/Users/julian/CodingProjects/UniT3/QuarticSpeedupK-XOR/z_Daphne/data/final_problem_set/kxor_instance_n18_k2_m120_ell2_eps0.15_kappa1.0_rho0.0.npz,/Users/julian/CodingProjects/UniT3/QuarticSpeedupK-XOR/logs/final_problem_set/kxor_instance_n18_k2_m120_ell2_eps0.15_kappa1.0_rho0.0.log,18,120,False,18,0.3333333333333333,,
/Users/julian/CodingProjects/UniT3/QuarticSpeedupK-XOR/z_Daphne/data/final_problem_set/kxor_instance_n18_k2_m120_ell2_eps0.15_kappa1.0_rho0.2.npz,/Users/julian/CodingProjects/UniT3/QuarticSpeedupK-XOR/logs/final_problem_set/kxor_instance_n18_k2_m120_ell2_eps0.15_kappa1.0_rho0.2.log,18,120,False,18,0.38333333333333336,0.2777777777777778,0.4444444444444444
/Users/julian/CodingProjects/UniT3/QuarticSpeedupK-XOR/z_Daphne/data/final_problem_set/kxor_instance_n18_k2_m120_ell2_eps0.15_kappa1.0_rho0.4.npz,/Users/julian/CodingProjects/UniT3/QuarticSpeedupK-XOR/logs/final_problem_set/kxor_instance_n18_k2_m120_ell2_eps0.15_kappa1.0_rho0.4.log,18,120,False,18,0.2,0.3888888888888889,0.2222222222222222
/Users/julian/CodingProjects/UniT3/QuarticSpeedupK-XOR/z_Daphne/data/final_problem_set/kxor_instance_n18_k2_m120_ell2_eps0.15_kappa1.0_rho0.6.npz,/Users/julian/CodingProjects/UniT3/QuarticSpeedupK-XOR/logs/final_problem_set/kxor_instance_n18_k2_m120_ell2_eps0.15_kappa1.0_rho0.6.log,18,120,False,18,0.5666666666666667,0.05555555555555555,0.8888888888888888
/Users/julian/CodingProjects/UniT3/QuarticSpeedupK-XOR/z_Daphne/data/final_problem_set/kxor_instance_n18_k2_m120_ell2_eps0.15_kappa1.0_rho0.8.npz,/Users/julian/CodingProjects/UniT3/QuarticSpeedupK-XOR/logs/final_problem_set/kxor_instance_n18_k2_m120_ell2_eps0.15_kappa1.0_rho0.8.log,18,120,False,18,0.8166666666666667,0.0,1.0
/Users/julian/CodingProjects/UniT3/QuarticSpeedupK-XOR/z_Daphne/data/final_problem_set/kxor_instance_n18_k2_m120_ell2_eps0.15_kappa1.0_rho1.0.npz,/Users/julian/CodingProjects/UniT3/QuarticSpeedupK-XOR/logs/final_problem_set/kxor_instance_n18_k2_m120_ell2_eps0.15_kappa1.0_rho1.0.log,18,120,False,18,1.0,0.0,1.0
/Users/julian/CodingProjects/UniT3/QuarticSpeedupK-XOR/z_Daphne/data/final_problem_set/kxor_instance_n18_k2_m125_ell2_eps0.2_kappa1.0_rho0.0.npz,/Users/julian/CodingProjects/UniT3/QuarticSpeedupK-XOR/logs/final_problem_set/kxor_instance_n18_k2_m125_ell2_eps0.2_kappa1.0_rho0.0.log,18,125,False,18,0.264,,
/Users/julian/CodingProjects/UniT3/QuarticSpeedupK-XOR/z_Daphne/data/final_problem_set/kxor_instance_n18_k2_m125_ell2_eps0.2_kappa1.0_rho0.2.npz,/Users/julian/CodingProjects/UniT3/QuarticSpeedupK-XOR/logs/final_problem_set/kxor_instance_n18_k2_m125_ell2_eps0.2_kappa1.0_rho0.2.log,18,125,False,18,0.296,0.5,0.0
/Users/julian/CodingProjects/UniT3/QuarticSpeedupK-XOR/z_Daphne/data/final_problem_set/kxor_instance_n18_k2_m125_ell2_eps0.2_kappa1.0_rho0.4.npz,/Users/julian/CodingProjects/UniT3/QuarticSpeedupK-XOR/logs/final_problem_set/kxor_instance_n18_k2_m125_ell2_eps0.2_kappa1.0_rho0.4.log,18,125,False,18,0.44,0.2222222222222222,0.5555555555555556
/Users/julian/CodingProjects/UniT3/QuarticSpeedupK-XOR/z_Daphne/data/final_problem_set/kxor_instance_n18_k2_m125_ell2_eps0.2_kappa1.0_rho0.6.npz,/Users/julian/CodingProjects/UniT3/QuarticSpeedupK-XOR/logs/final_problem_set/kxor_instance_n18_k2_m125_ell2_eps0.2_kappa1.0_rho0.6.log,18,125,False,18,0.616,0.0,1.0
/Users/julian/CodingProjects/UniT3/QuarticSpeedupK-XOR/z_Daphne/data/final_problem_set/kxor_instance_n18_k2_m125_ell2_eps0.2_kappa1.0_rho0.8.npz,/Users/julian/CodingProjects/UniT3/QuarticSpeedupK-XOR/logs/final_problem_set/kxor_instance_n18_k2_m125_ell2_eps0.2_kappa1.0_rho0.8.log,18,125,False,18,0.696,0.0,1.0
/Users/julian/CodingProjects/UniT3/QuarticSpeedupK-XOR/z_Daphne/data/final_problem_set/kxor_instance_n18_k2_m125_ell2_eps0.2_kappa1.0_rho1.0.npz,/Users/julian/CodingProjects/UniT3/QuarticSpeedupK-XOR/logs/final_problem_set/kxor_instance_n18_k2_m125_ell2_eps0.2_kappa1.0_rho1.0.log,18,125,False,18,1.0,0.0,1.0
/Users/julian/CodingProjects/UniT3/QuarticSpeedupK-XOR/z_Daphne/data/final_problem_set/kxor_instance_n18_k2_m131_ell2_eps0.25_kappa1.0_rho0.0.npz,/Users/julian/CodingProjects/UniT3/QuarticSpeedupK-XOR/logs/final_problem_set/kxor_instance_n18_k2_m131_ell2_eps0.25_kappa1.0_rho0.0.log,18,131,False,18,0.3282442748091603,,
/Users/julian/CodingProjects/UniT3/QuarticSpeedupK-XOR/z_Daphne/data/final_problem_set/kxor_instance_n18_k2_m131_ell2_eps0.25_kappa1.0_rho0.2.npz,/Users/julian/CodingProjects/UniT3/QuarticSpeedupK-XOR/logs/final_problem_set/kxor_instance_n18_k2_m131_ell2_eps0.25_kappa1.0_rho0.2.log,18,131,False,18,0.3282442748091603,0.4444444444444444,0.1111111111111111
/Users/julian/CodingProjects/UniT3/QuarticSpeedupK-XOR/z_Daphne/data/final_problem_set/kxor_instance_n18_k2_m131_ell2_eps0.25_kappa1.0_rho0.4.npz,/Users/julian/CodingProjects/UniT3/QuarticSpeedupK-XOR/logs/final_problem_set/kxor_instance_n18_k2_m131_ell2_eps0.25_kappa1.0_rho0.4.log,18,131,False,18,0.26717557251908397,0.5,0.0
/Users/julian/CodingProjects/UniT3/QuarticSpeedupK-XOR/z_Daphne/data/final_problem_set/kxor_instance_n18_k2_m131_ell2_eps0.25_kappa1.0_rho0.6.npz,/Users/julian/CodingProjects/UniT3/QuarticSpeedupK-XOR/logs/final_problem_set/kxor_instance_n18_k2_m131_ell2_eps0.25_kappa1.0_rho0.6.log,18,131,False,18,0.6030534351145038,0.0,1.0
/Users/julian/CodingProjects/UniT3/QuarticSpeedupK-XOR/z_Daphne/data/final_problem_set/kxor_instance_n18_k2_m131_ell2_eps0.25_kappa1.0_rho0.8.npz,/Users/julian/CodingProjects/UniT3/QuarticSpeedupK-XOR/logs/final_problem_set/kxor_instance_n18_k2_m131_ell2_eps0.25_kappa1.0_rho0.8.log,18,131,False,18,0.816793893129771,0.0,1.0
/Users/julian/CodingProjects/UniT3/QuarticSpeedupK-XOR/z_Daphne/data/final_problem_set/kxor_instance_n18_k2_m131_ell2_eps0.25_kappa1.0_rho1.0.npz,/Users/julian/CodingProjects/UniT3/QuarticSpeedupK-XOR/logs/final_problem_set/kxor_instance_n18_k2_m131_ell2_eps0.25_kappa1.0_rho1.0.log,18,131,False,18,1.0,0.0,1.0
/Users/julian/CodingProjects/UniT3/QuarticSpeedupK-XOR/z_Daphne/data/final_problem_set/kxor_instance_n18_k2_m136_ell2_eps0.3_kappa1.0_rho0.0.npz,/Users/julian/CodingProjects/UniT3/QuarticSpeedupK-XOR/logs/final_problem_set/kxor_instance_n18_k2_m136_ell2_eps0.3_kappa1.0_rho0.0.log,18,136,False,18,0.20588235294117646,,
/Users/julian/CodingProjects/UniT3/QuarticSpeedupK-XOR/z_Daphne/data/final_problem_set/kxor_instance_n18_k2_m136_ell2_eps0.3_kappa1.0_rho0.2.npz,/Users/julian/CodingProjects/UniT3/QuarticSpeedupK-XOR/logs/final_problem_set/kxor_instance_n18_k2_m136_ell2_eps0.3_kappa1.0_rho0.2.log,18,136,False,18,0.3088235294117647,0.5,0.0
/Users/julian/CodingProjects/UniT3/QuarticSpeedupK-XOR/z_Daphne/data/final_problem_set/kxor_instance_n18_k2_m136_ell2_eps0.3_kappa1.0_rho0.4.npz,/Users/julian/CodingProjects/UniT3/QuarticSpeedupK-XOR/logs/final_problem_set/kxor_instance_n18_k2_m136_ell2_eps0.3_kappa1.0_rho0.4.log,18,136,False,18,0.35294117647058826,0.1111111111111111,0.7777777777777778
/Users/julian/CodingProjects/UniT3/QuarticSpeedupK-XOR/z_Daphne/data/final_problem_set/kxor_instance_n18_k2_m136_ell2_eps0.3_kappa1.0_rho0.6.npz,/Users/julian/CodingProjects/UniT3/QuarticSpeedupK-XOR/logs/final_problem_set/kxor_instance_n18_k2_m136_ell2_eps0.3_kappa1.0_rho0.6.log,18,136,False,18,0.7647058823529411,0.0,1.0
/Users/julian/CodingProjects/UniT3/QuarticSpeedupK-XOR/z_Daphne/data/final_problem_set/kxor_instance_n18_k2_m136_ell2_eps0.3_kappa1.0_rho0.8.npz,/Users/julian/CodingProjects/UniT3/QuarticSpeedupK-XOR/logs/final_problem_set/kxor_instance_n18_k2_m136_ell2_eps0.3_kappa1.0_rho0.8.log,18,136,False,18,0.7794117647058824,0.0,1.0
/Users/julian/CodingProjects/UniT3/QuarticSpeedupK-XOR/z_Daphne/data/final_problem_set/kxor_instance_n18_k2_m136_ell2_eps0.3_kappa1.0_rho1.0.npz,/Users/julian/CodingProjects/UniT3/QuarticSpeedupK-XOR/logs/final_problem_set/kxor_instance_n18_k2_m136_ell2_eps0.3_kappa1.0_rho1.0.log,18,136,False,18,1.0,0.0,1.0
/Users/julian/CodingProjects/UniT3/QuarticSpeedupK-XOR/z_Daphne/data/final_problem_set/kxor_instance_n18_k2_m147_ell2_eps0.15_kappa0.875_rho0.0.npz,/Users/julian/CodingProjects/UniT3/QuarticSpeedupK-XOR/logs/final_problem_set/kxor_instance_n18_k2_m147_ell2_eps0.15_kappa0.875_rho0.0.log,18,147,False,18,0.2789115646258503,,
/Users/julian/CodingProjects/UniT3/QuarticSpeedupK-XOR/z_Daphne/data/final_problem_set/kxor_instance_n18_k2_m147_ell2_eps0.15_kappa0.875_rho0.2.npz,/Users/julian/CodingProjects/UniT3/QuarticSpeedupK-XOR/logs/final_problem_set/kxor_instance_n18_k2_m147_ell2_eps0.15_kappa0.875_rho0.2.log,18,147,False,18,0.22448979591836735,0.4444444444444444,0.1111111111111111
/Users/julian/CodingProjects/UniT3/QuarticSpeedupK-XOR/z_Daphne/data/final_problem_set/kxor_instance_n18_k2_m147_ell2_eps0.15_kappa0.875_rho0.4.npz,/Users/julian/CodingProjects/UniT3/QuarticSpeedupK-XOR/logs/final_problem_set/kxor_instance_n18_k2_m147_ell2_eps0.15_kappa0.875_rho0.4.log,18,147,False,18,0.48299319727891155,0.0,1.0
/Users/julian/CodingProjects/UniT3/QuarticSpeedupK-XOR/z_Daphne/data/final_problem_set/kxor_instance_n18_k2_m147_ell2_eps0.15_kappa0.875_rho0.6.npz,/Users/julian/CodingProjects/UniT3/QuarticSpeedupK-XOR/logs/final_problem_set/kxor_instance_n18_k2_m147_ell2_eps0.15_kappa0.875_rho0.6.log,18,147,False,18,0.5782312925170068,0.0,1.0
/Users/julian/CodingProjects/UniT3/QuarticSpeedupK-XOR/z_Daphne/data/final_problem_set/kxor_instance_n18_k2_m147_ell2_eps0.15_kappa0.875_rho0.8.npz,/Users/julian/CodingProjects/UniT3/QuarticSpeedupK-XOR/logs/final_problem_set/kxor_instance_n18_k2_m147_ell2_eps0.15_kappa0.875_rho0.8.log,18,147,False,18,0.782312925170068,0.0,1.0
/Users/julian/CodingProjects/UniT3/QuarticSpeedupK-XOR/z_Daphne/data/final_problem_set/kxor_instance_n18_k2_m147_ell2_eps0.15_kappa0.875_rho1.0.npz,/Users/julian/CodingProjects/UniT3/QuarticSpeedupK-XOR/logs/final_problem_set/kxor_instance_n18_k2_m147_ell2_eps0.15_kappa0.875_rho1.0.log,18,147,False,18,1.0,0.0,1.0
/Users/julian/CodingProjects/UniT3/QuarticSpeedupK-XOR/z_Daphne/data/final_problem_set/kxor_instance_n18_k2_m153_ell2_eps0.2_kappa0.875_rho0.0.npz,/Users/julian/CodingProjects/UniT3/QuarticSpeedupK-XOR/logs/final_problem_set/kxor_instance_n18_k2_m153_ell2_eps0.2_kappa0.875_rho0.0.log,18,153,False,18,0.24183006535947713,,
/Users/julian/CodingProjects/UniT3/QuarticSpeedupK-XOR/z_Daphne/data/final_problem_set/kxor_instance_n18_k2_m153_ell2_eps0.2_kappa0.875_rho0.2.npz,/Users/julian/CodingProjects/UniT3/QuarticSpeedupK-XOR/logs/final_problem_set/kxor_instance_n18_k2_m153_ell2_eps0.2_kappa0.875_rho0.2.log,18,153,False,18,0.2549019607843137,0.3333333333333333,0.3333333333333333
/Users/julian/CodingProjects/UniT3/QuarticSpeedupK-XOR/z_Daphne/data/final_problem_set/kxor_instance_n18_k2_m153_ell2_eps0.2_kappa0.875_rho0.4.npz,/Users/julian/CodingProjects/UniT3/QuarticSpeedupK-XOR/logs/final_problem_set/kxor_instance_n18_k2_m153_ell2_eps0.2_kappa0.875_rho0.4.log,18,153,False,18,0.46405228758169936,0.05555555555555555,0.8888888888888888
/Users/julian/CodingProjects/UniT3/QuarticSpeedupK-XOR/z_Daphne/data/final_problem_set/kxor_instance_n18_k2_m153_ell2_eps0.2_kappa0.875_rho0.6.npz,/Users/julian/CodingProjects/UniT3/QuarticSpeedupK-XOR/logs/final_problem_set/kxor_instance_n18_k2_m153_ell2_eps0.2_kappa0.875_rho0.6.log,18,153,False,18,0.5163398692810458,0.05555555555555555,0.8888888888888888
/Users/julian/CodingProjects/UniT3/QuarticSpeedupK-XOR/z_Daphne/data/final_problem_set/kxor_instance_n18_k2_m153_ell2_eps0.2_kappa0.875_rho0.8.npz,/Users/julian/CodingProjects/UniT3/QuarticSpeedupK-XOR/logs/final_problem_set/kxor_instance_n18_k2_m153_ell2_eps0.2_kappa0.875_rho0.8.log,18,153,False,18,0.6993464052287581,0.0,1.0
/Users/julian/CodingProjects/UniT3/QuarticSpeedupK-XOR/z_Daphne/data/final_problem_set/kxor_instance_n18_k2_m153_ell2_eps0.2_kappa0.875_rho1.0.npz,/Users/julian/CodingProjects/UniT3/QuarticSpeedupK-XOR/logs/final_problem_set/kxor_instance_n18_k2_m153_ell2_eps0.2_kappa0.875_rho1.0.log,18,153,False,18,1.0,0.0,1.0
/Users/julian/CodingProjects/UniT3/QuarticSpeedupK-XOR/z_Daphne/data/final_problem_set/kxor_instance_n18_k2_m160_ell2_eps0.25_kappa0.875_rho0.0.npz,/Users/julian/CodingProjects/UniT3/QuarticSpeedupK-XOR/logs/final_problem_set/kxor_instance_n18_k2_m160_ell2_eps0.25_kappa0.875_rho0.0.log,18,160,False,18,0.225,,
/Users/julian/CodingProjects/UniT3/QuarticSpeedupK-XOR/z_Daphne/data/final_problem_set/kxor_instance_n18_k2_m160_ell2_eps0.25_kappa0.875_rho0.2.npz,/Users/julian/CodingProjects/UniT3/QuarticSpeedupK-XOR/logs/final_problem_set/kxor_instance_n18_k2_m160_ell2_eps0.25_kappa0.875_rho0.2.log,18,160,False,18,0.3125,0.3888888888888889,0.2222222222222222
/Users/julian/CodingProjects/UniT3/QuarticSpeedupK-XOR/z_Daphne/data/final_problem_set/kxor_instance_n18_k2_m160_ell2_eps0.25_kappa0.875_rho0.4.npz,/Users/julian/CodingProjects/UniT3/QuarticSpeedupK-XOR/logs/final_problem_set/kxor_instance_n18_k2_m160_ell2_eps0.25_kappa0.875_rho0.4.log,18,160,False,18,0.45,0.05555555555555555,0.8888888888888888
/Users/julian/CodingProjects/UniT3/QuarticSpeedupK-XOR/z_Daphne/data/final_problem_set/kxor_instance_n18_k2_m160_ell2_eps0.25_kappa0.875_rho0.6.npz,/Users/julian/CodingProjects/UniT3/QuarticSpeedupK-XOR/logs/final_problem_set/kxor_instance_n18_k2_m160_ell2_eps0.25_kappa0.875_rho0.6.log,18,160,False,18,0.6375,0.0,1.0
/Users/julian/CodingProjects/UniT3/QuarticSpeedupK-XOR/z_Daphne/data/final_problem_set/kxor_instance_n18_k2_m160_ell2_eps0.25_kappa0.875_rho0.8.npz,/Users/julian/CodingProjects/UniT3/QuarticSpeedupK-XOR/logs/final_problem_set/kxor_instance_n18_k2_m160_ell2_eps0.25_kappa0.875_rho0.8.log,18,160,False,18,0.825,0.0,1.0
/Users/julian/CodingProjects/UniT3/QuarticSpeedupK-XOR/z_Daphne/data/final_problem_set/kxor_instance_n18_k2_m160_ell2_eps0.25_kappa0.875_rho1.0.npz,/Users/julian/CodingProjects/UniT3/QuarticSpeedupK-XOR/logs/final_problem_set/kxor_instance_n18_k2_m160_ell2_eps0.25_kappa0.875_rho1.0.log,18,160,False,18,1.0,0.0,1.0
/Users/julian/CodingProjects/UniT3/QuarticSpeedupK-XOR/z_Daphne/data/final_problem_set/kxor_instance_n18_k2_m166_ell2_eps0.3_kappa0.875_rho0.0.npz,/Users/julian/CodingProjects/UniT3/QuarticSpeedupK-XOR/logs/final_problem_set/kxor_instance_n18_k2_m166_ell2_eps0.3_kappa0.875_rho0.0.log,18,166,False,18,0.20481927710843373,,
/Users/julian/CodingProjects/UniT3/QuarticSpeedupK-XOR/z_Daphne/data/final_problem_set/kxor_instance_n18_k2_m166_ell2_eps0.3_kappa0.875_rho0.2.npz,/Users/julian/CodingProjects/UniT3/QuarticSpeedupK-XOR/logs/final_problem_set/kxor_instance_n18_k2_m166_ell2_eps0.3_kappa0.875_rho0.2.log,18,166,False,18,0.24096385542168675,0.3333333333333333,0.3333333333333333
/Users/julian/CodingProjects/UniT3/QuarticSpeedupK-XOR/z_Daphne/data/final_problem_set/kxor_instance_n18_k2_m166_ell2_eps0.3_kappa0.875_rho0.4.npz,/Users/julian/CodingProjects/UniT3/QuarticSpeedupK-XOR/logs/final_problem_set/kxor_instance_n18_k2_m166_ell2_eps0.3_kappa0.875_rho0.4.log,18,166,False,18,0.4819277108433735,0.0,1.0
/Users/julian/CodingProjects/UniT3/QuarticSpeedupK-XOR/z_Daphne/data/final_problem_set/kxor_instance_n18_k2_m166_ell2_eps0.3_kappa0.875_rho0.6.npz,/Users/julian/CodingProjects/UniT3/QuarticSpeedupK-XOR/logs/final_problem_set/kxor_instance_n18_k2_m166_ell2_eps0.3_kappa0.875_rho0.6.log,18,166,False,18,0.6385542168674698,0.05555555555555555,0.8888888888888888
/Users/julian/CodingProjects/UniT3/QuarticSpeedupK-XOR/z_Daphne/data/final_problem_set/kxor_instance_n18_k2_m166_ell2_eps0.3_kappa0.875_rho0.8.npz,/Users/julian/CodingProjects/UniT3/QuarticSpeedupK-XOR/logs/final_problem_set/kxor_instance_n18_k2_m166_ell2_eps0.3_kappa0.875_rho0.8.log,18,166,False,18,0.7469879518072289,0.0,1.0
/Users/julian/CodingProjects/UniT3/QuarticSpeedupK-XOR/z_Daphne/data/final_problem_set/kxor_instance_n18_k2_m166_ell2_eps0.3_kappa0.875_rho1.0.npz,/Users/julian/CodingProjects/UniT3/QuarticSpeedupK-XOR/logs/final_problem_set/kxor_instance_n18_k2_m166_ell2_eps0.3_kappa0.875_rho1.0.log,18,166,False,18,1.0,0.0,1.0
/Users/julian/CodingProjects/UniT3/QuarticSpeedupK-XOR/z_Daphne/data/final_problem_set/kxor_instance_n18_k2_m187_ell2_eps0.15_kappa0.75_rho0.0.npz,/Users/julian/CodingProjects/UniT3/QuarticSpeedupK-XOR/logs/final_problem_set/kxor_instance_n18_k2_m187_ell2_eps0.15_kappa0.75_rho0.0.log,18,187,False,18,0.22994652406417113,,
/Users/julian/CodingProjects/UniT3/QuarticSpeedupK-XOR/z_Daphne/data/final_problem_set/kxor_instance_n18_k2_m187_ell2_eps0.15_kappa0.75_rho0.2.npz,/Users/julian/CodingProjects/UniT3/QuarticSpeedupK-XOR/logs/final_problem_set/kxor_instance_n18_k2_m187_ell2_eps0.15_kappa0.75_rho0.2.log,18,187,False,18,0.25133689839572193,0.16666666666666666,0.6666666666666666
/Users/julian/CodingProjects/UniT3/QuarticSpeedupK-XOR/z_Daphne/data/final_problem_set/kxor_instance_n18_k2_m187_ell2_eps0.15_kappa0.75_rho0.4.npz,/Users/julian/CodingProjects/UniT3/QuarticSpeedupK-XOR/logs/final_problem_set/kxor_instance_n18_k2_m187_ell2_eps0.15_kappa0.75_rho0.4.log,18,187,False,18,0.48663101604278075,0.0,1.0
/Users/julian/CodingProjects/UniT3/QuarticSpeedupK-XOR/z_Daphne/data/final_problem_set/kxor_instance_n18_k2_m187_ell2_eps0.15_kappa0.75_rho0.6.npz,/Users/julian/CodingProjects/UniT3/QuarticSpeedupK-XOR/logs/final_problem_set/kxor_instance_n18_k2_m187_ell2_eps0.15_kappa0.75_rho0.6.log,18,187,False,18,0.6577540106951871,0.0,1.0
/Users/julian/CodingProjects/UniT3/QuarticSpeedupK-XOR/z_Daphne/data/final_problem_set/kxor_instance_n18_k2_m187_ell2_eps0.15_kappa0.75_rho0.8.npz,/Users/julian/CodingProjects/UniT3/QuarticSpeedupK-XOR/logs/final_problem_set/kxor_instance_n18_k2_m187_ell2_eps0.15_kappa0.75_rho0.8.log,18,187,False,18,0.786096256684492,0.0,1.0
/Users/julian/CodingProjects/UniT3/QuarticSpeedupK-XOR/z_Daphne/data/final_problem_set/kxor_instance_n18_k2_m187_ell2_eps0.15_kappa0.75_rho1.0.npz,/Users/julian/CodingProjects/UniT3/QuarticSpeedupK-XOR/logs/final_problem_set/kxor_instance_n18_k2_m187_ell2_eps0.15_kappa0.75_rho1.0.log,18,187,False,18,1.0,0.0,1.0
/Users/julian/CodingProjects/UniT3/QuarticSpeedupK-XOR/z_Daphne/data/final_problem_set/kxor_instance_n18_k2_m195_ell2_eps0.2_kappa0.75_rho0.0.npz,/Users/julian/CodingProjects/UniT3/QuarticSpeedupK-XOR/logs/final_problem_set/kxor_instance_n18_k2_m195_ell2_eps0.2_kappa0.75_rho0.0.log,18,195,False,18,0.21025641025641026,,
/Users/julian/CodingProjects/UniT3/QuarticSpeedupK-XOR/z_Daphne/data/final_problem_set/kxor_instance_n18_k2_m195_ell2_eps0.2_kappa0.75_rho0.2.npz,/Users/julian/CodingProjects/UniT3/QuarticSpeedupK-XOR/logs/final_problem_set/kxor_instance_n18_k2_m195_ell2_eps0.2_kappa0.75_rho0.2.log,18,195,False,18,0.26153846153846155,0.3333333333333333,0.3333333333333333
/Users/julian/CodingProjects/UniT3/QuarticSpeedupK-XOR/z_Daphne/data/final_problem_set/kxor_instance_n18_k2_m195_ell2_eps0.2_kappa0.75_rho0.4.npz,/Users/julian/CodingProjects/UniT3/QuarticSpeedupK-XOR/logs/final_problem_set/kxor_instance_n18_k2_m195_ell2_eps0.2_kappa0.75_rho0.4.log,18,195,False,18,0.3128205128205128,0.1111111111111111,0.7777777777777778
/Users/julian/CodingProjects/UniT3/QuarticSpeedupK-XOR/z_Daphne/data/final_problem_set/kxor_instance_n18_k2_m195_ell2_eps0.2_kappa0.75_rho0.6.npz,/Users/julian/CodingProjects/UniT3/QuarticSpeedupK-XOR/logs/final_problem_set/kxor_instance_n18_k2_m195_ell2_eps0.2_kappa0.75_rho0.6.log,18,195,False,18,0.558974358974359,0.05555555555555555,0.8888888888888888
/Users/julian/CodingProjects/UniT3/QuarticSpeedupK-XOR/z_Daphne/data/final_problem_set/kxor_instance_n18_k2_m195_ell2_eps0.2_kappa0.75_rho0.8.npz,/Users/julian/CodingProjects/UniT3/QuarticSpeedupK-XOR/logs/final_problem_set/kxor_instance_n18_k2_m195_ell2_eps0.2_kappa0.75_rho0.8.log,18,195,False,18,0.8051282051282052,0.0,1.0
/Users/julian/CodingProjects/UniT3/QuarticSpeedupK-XOR/z_Daphne/data/final_problem_set/kxor_instance_n18_k2_m195_ell2_eps0.2_kappa0.75_rho1.0.npz,/Users/julian/CodingProjects/UniT3/QuarticSpeedupK-XOR/logs/final_problem_set/kxor_instance_n18_k2_m195_ell2_eps0.2_kappa0.75_rho1.0.log,18,195,False,18,1.0,0.0,1.0
/Users/julian/CodingProjects/UniT3/QuarticSpeedupK-XOR/z_Daphne/data/final_problem_set/kxor_instance_n18_k2_m203_ell2_eps0.25_kappa0.75_rho0.0.npz,/Users/julian/CodingProjects/UniT3/QuarticSpeedupK-XOR/logs/final_problem_set/kxor_instance_n18_k2_m203_ell2_eps0.25_kappa0.75_rho0.0.log,18,203,False,18,0.1625615763546798,,
/Users/julian/CodingProjects/UniT3/QuarticSpeedupK-XOR/z_Daphne/data/final_problem_set/kxor_instance_n18_k2_m203_ell2_eps0.25_kappa0.75_rho0.2.npz,/Users/julian/CodingProjects/UniT3/QuarticSpeedupK-XOR/logs/final_problem_set/kxor_instance_n18_k2_m203_ell2_eps0.25_kappa0.75_rho0.2.log,18,203,False,18,0.2512315270935961,0.4444444444444444,0.1111111111111111
/Users/julian/CodingProjects/UniT3/QuarticSpeedupK-XOR/z_Daphne/data/final_problem_set/kxor_instance_n18_k2_m203_ell2_eps0.25_kappa0.75_rho0.4.npz,/Users/julian/CodingProjects/UniT3/QuarticSpeedupK-XOR/logs/final_problem_set/kxor_instance_n18_k2_m203_ell2_eps0.25_kappa0.75_rho0.4.log,18,203,False,18,0.42857142857142855,0.05555555555555555,0.8888888888888888
/Users/julian/CodingProjects/UniT3/QuarticSpeedupK-XOR/z_Daphne/data/final_problem_set/kxor_instance_n18_k2_m203_ell2_eps0.25_kappa0.75_rho0.6.npz,/Users/julian/CodingProjects/UniT3/QuarticSpeedupK-XOR/logs/final_problem_set/kxor_instance_n18_k2_m203_ell2_eps0.25_kappa0.75_rho0.6.log,18,203,False,18,0.6650246305418719,0.0,1.0
/Users/julian/CodingProjects/UniT3/QuarticSpeedupK-XOR/z_Daphne/data/final_problem_set/kxor_instance_n18_k2_m203_ell2_eps0.25_kappa0.75_rho0.8.npz,/Users/julian/CodingProjects/UniT3/QuarticSpeedupK-XOR/logs/final_problem_set/kxor_instance_n18_k2_m203_ell2_eps0.25_kappa0.75_rho0.8.log,18,203,False,18,0.8325123152709359,0.0,1.0
/Users/julian/CodingProjects/UniT3/QuarticSpeedupK-XOR/z_Daphne/data/final_problem_set/kxor_instance_n18_k2_m203_ell2_eps0.25_kappa0.75_rho1.0.npz,/Users/julian/CodingProjects/UniT3/QuarticSpeedupK-XOR/logs/final_problem_set/kxor_instance_n18_k2_m203_ell2_eps0.25_kappa0.75_rho1.0.log,18,203,False,18,1.0,0.0,1.0
/Users/julian/CodingProjects/UniT3/QuarticSpeedupK-XOR/z_Daphne/data/final_problem_set/kxor_instance_n18_k2_m249_ell2_eps0.15_kappa0.625_rho0.0.npz,/Users/julian/CodingProjects/UniT3/QuarticSpeedupK-XOR/logs/final_problem_set/kxor_instance_n18_k2_m249_ell2_eps0.15_kappa0.625_rho0.0.log,18,249,False,18,0.1566265060240964,,
/Users/julian/CodingProjects/UniT3/QuarticSpeedupK-XOR/z_Daphne/data/final_problem_set/kxor_instance_n18_k2_m249_ell2_eps0.15_kappa0.625_rho0.2.npz,/Users/julian/CodingProjects/UniT3/QuarticSpeedupK-XOR/logs/final_problem_set/kxor_instance_n18_k2_m249_ell2_eps0.15_kappa0.625_rho0.2.log,18,249,False,18,0.13253012048192772,0.2777777777777778,0.4444444444444444
/Users/julian/CodingProjects/UniT3/QuarticSpeedupK-XOR/z_Daphne/data/final_problem_set/kxor_instance_n18_k2_m249_ell2_eps0.15_kappa0.625_rho0.4.npz,/Users/julian/CodingProjects/UniT3/QuarticSpeedupK-XOR/logs/final_problem_set/kxor_instance_n18_k2_m249_ell2_eps0.15_kappa0.625_rho0.4.log,18,249,False,18,0.46987951807228917,0.0,1.0
/Users/julian/CodingProjects/UniT3/QuarticSpeedupK-XOR/z_Daphne/data/final_problem_set/kxor_instance_n18_k2_m249_ell2_eps0.15_kappa0.625_rho0.6.npz,/Users/julian/CodingProjects/UniT3/QuarticSpeedupK-XOR/logs/final_problem_set/kxor_instance_n18_k2_m249_ell2_eps0.15_kappa0.625_rho0.6.log,18,249,False,18,0.606425702811245,0.0,1.0
/Users/julian/CodingProjects/UniT3/QuarticSpeedupK-XOR/z_Daphne/data/final_problem_set/kxor_instance_n18_k2_m249_ell2_eps0.15_kappa0.625_rho0.8.npz,/Users/julian/CodingProjects/UniT3/QuarticSpeedupK-XOR/logs/final_problem_set/kxor_instance_n18_k2_m249_ell2_eps0.15_kappa0.625_rho0.8.log,18,249,False,18,0.7188755020080321,0.0,1.0
/Users/julian/CodingProjects/UniT3/QuarticSpeedupK-XOR/z_Daphne/data/final_problem_set/kxor_instance_n18_k2_m249_ell2_eps0.15_kappa0.625_rho1.0.npz,/Users/julian/CodingProjects/UniT3/QuarticSpeedupK-XOR/logs/final_problem_set/kxor_instance_n18_k2_m249_ell2_eps0.15_kappa0.625_rho1.0.log,18,249,False,18,1.0,0.0,1.0
/Users/julian/CodingProjects/UniT3/QuarticSpeedupK-XOR/z_Daphne/data/final_problem_set/kxor_instance_n18_k4_m203_ell4_eps0.3_kappa1.0_rho0.0.npz,/Users/julian/CodingProjects/UniT3/QuarticSpeedupK-XOR/logs/final_problem_set/kxor_instance_n18_k4_m203_ell4_eps0.3_kappa1.0_rho0.0.log,18,203,False,18,0.26108374384236455,,
/Users/julian/CodingProjects/UniT3/QuarticSpeedupK-XOR/z_Daphne/data/final_problem_set/kxor_instance_n18_k4_m203_ell4_eps0.3_kappa1.0_rho0.2.npz,/Users/julian/CodingProjects/UniT3/QuarticSpeedupK-XOR/logs/final_problem_set/kxor_instance_n18_k4_m203_ell4_eps0.3_kappa1.0_rho0.2.log,18,203,False,18,0.22167487684729065,0.5,0.0
/Users/julian/CodingProjects/UniT3/QuarticSpeedupK-XOR/z_Daphne/data/final_problem_set/kxor_instance_n18_k4_m203_ell4_eps0.3_kappa1.0_rho0.4.npz,/Users/julian/CodingProjects/UniT3/QuarticSpeedupK-XOR/logs/final_problem_set/kxor_instance_n18_k4_m203_ell4_eps0.3_kappa1.0_rho0.4.log,18,203,False,18,0.42857142857142855,0.0,1.0
/Users/julian/CodingProjects/UniT3/QuarticSpeedupK-XOR/z_Daphne/data/final_problem_set/kxor_instance_n18_k4_m203_ell4_eps0.3_kappa1.0_rho0.6.npz,/Users/julian/CodingProjects/UniT3/QuarticSpeedupK-XOR/logs/final_problem_set/kxor_instance_n18_k4_m203_ell4_eps0.3_kappa1.0_rho0.6.log,18,203,False,18,0.6157635467980296,0.0,1.0
/Users/julian/CodingProjects/UniT3/QuarticSpeedupK-XOR/z_Daphne/data/final_problem_set/kxor_instance_n18_k4_m203_ell4_eps0.3_kappa1.0_rho0.8.npz,/Users/julian/CodingProjects/UniT3/QuarticSpeedupK-XOR/logs/final_problem_set/kxor_instance_n18_k4_m203_ell4_eps0.3_kappa1.0_rho0.8.log,18,203,False,18,0.8620689655172413,0.0,1.0
/Users/julian/CodingProjects/UniT3/QuarticSpeedupK-XOR/z_Daphne/data/final_problem_set/kxor_instance_n18_k4_m203_ell4_eps0.3_kappa1.0_rho1.0.npz,/Users/julian/CodingProjects/UniT3/QuarticSpeedupK-XOR/logs/final_problem_set/kxor_instance_n18_k4_m203_ell4_eps0.3_kappa1.0_rho1.0.log,18,203,False,18,1.0,0.0,1.0
/Users/julian/CodingProjects/UniT3/QuarticSpeedupK-XOR/z_Daphne/data/final_problem_set/kxor_instance_n18_k4_m249_ell4_eps0.3_kappa0.875_rho0.0.npz,/Users/julian/CodingProjects/UniT3/QuarticSpeedupK-XOR/logs/final_problem_set/kxor_instance_n18_k4_m249_ell4_eps0.3_kappa0.875_rho0.0.log,18,249,False,18,0.06827309236947791,,
/Users/julian/CodingProjects/UniT3/QuarticSpeedupK-XOR/z_Daphne/data/final_problem_set/kxor_instance_n18_k4_m249_ell4_eps0.3_kappa0.875_rho0.2.npz,/Users/julian/CodingProjects/UniT3/QuarticSpeedupK-XOR/logs/final_problem_set/kxor_instance_n18_k4_m249_ell4_eps0.3_kappa0.875_rho0.2.log,18,249,False,18,0.11646586345381527,0.4444444444444444,0.1111111111111111
/Users/julian/CodingProjects/UniT3/QuarticSpeedupK-XOR/z_Daphne/data/final_problem_set/kxor_instance_n18_k4_m249_ell4_eps0.3_kappa0.875_rho0.4.npz,/Users/julian/CodingProjects/UniT3/QuarticSpeedupK-XOR/logs/final_problem_set/kxor_instance_n18_k4_m249_ell4_eps0.3_kappa0.875_rho0.4.log,18,249,False,18,0.4859437751004016,0.0,1.0
/Users/julian/CodingProjects/UniT3/QuarticSpeedupK-XOR/z_Daphne/data/final_problem_set/kxor_instance_n18_k4_m249_ell4_eps0.3_kappa0.875_rho0.6.npz,/Users/julian/CodingProjects/UniT3/QuarticSpeedupK-XOR/logs/final_problem_set/kxor_instance_n18_k4_m249_ell4_eps0.3_kappa0.875_rho0.6.log,18,249,False,18,0.5421686746987951,0.0,1.0
/Users/julian/CodingProjects/UniT3/QuarticSpeedupK-XOR/z_Daphne/data/final_problem_set/kxor_instance_n18_k4_m249_ell4_eps0.3_kappa0.875_rho0.8.npz,/Users/julian/CodingProjects/UniT3/QuarticSpeedupK-XOR/logs/final_problem_set/kxor_instance_n18_k4_m249_ell4_eps0.3_kappa0.875_rho0.8.log,18,249,False,18,0.7831325301204819,0.0,1.0
/Users/julian/CodingProjects/UniT3/QuarticSpeedupK-XOR/z_Daphne/data/final_problem_set/kxor_instance_n18_k4_m249_ell4_eps0.3_kappa0.875_rho1.0.npz,/Users/julian/CodingProjects/UniT3/QuarticSpeedupK-XOR/logs/final_problem_set/kxor_instance_n18_k4_m249_ell4_eps0.3_kappa0.875_rho1.0.log,18,249,False,18,1.0,0.0,1.0
/Users/julian/CodingProjects/UniT3/QuarticSpeedupK-XOR/z_Daphne/data/final_problem_set/kxor_instance_n19_k2_m129_ell2_eps0.15_kappa1.0_rho0.0.npz,/Users/julian/CodingProjects/UniT3/QuarticSpeedupK-XOR/logs/final_problem_set/kxor_instance_n19_k2_m129_ell2_eps0.15_kappa1.0_rho0.0.log,19,129,False,19,0.3178294573643411,,
/Users/julian/CodingProjects/UniT3/QuarticSpeedupK-XOR/z_Daphne/data/final_problem_set/kxor_instance_n19_k2_m129_ell2_eps0.15_kappa1.0_rho0.2.npz,/Users/julian/CodingProjects/UniT3/QuarticSpeedupK-XOR/logs/final_problem_set/kxor_instance_n19_k2_m129_ell2_eps0.15_kappa1.0_rho0.2.log,19,129,False,19,0.2558139534883721,0.2631578947368421,0.47368421052631576
/Users/julian/CodingProjects/UniT3/QuarticSpeedupK-XOR/z_Daphne/data/final_problem_set/kxor_instance_n19_k2_m129_ell2_eps0.15_kappa1.0_rho0.4.npz,/Users/julian/CodingProjects/UniT3/QuarticSpeedupK-XOR/logs/final_problem_set/kxor_instance_n19_k2_m129_ell2_eps0.15_kappa1.0_rho0.4.log,19,129,False,19,0.4573643410852713,0.15789473684210525,0.6842105263157895
/Users/julian/CodingProjects/UniT3/QuarticSpeedupK-XOR/z_Daphne/data/final_problem_set/kxor_instance_n19_k2_m129_ell2_eps0.15_kappa1.0_rho0.6.npz,/Users/julian/CodingProjects/UniT3/QuarticSpeedupK-XOR/logs/final_problem_set/kxor_instance_n19_k2_m129_ell2_eps0.15_kappa1.0_rho0.6.log,19,129,False,19,0.5968992248062015,0.0,1.0
/Users/julian/CodingProjects/UniT3/QuarticSpeedupK-XOR/z_Daphne/data/final_problem_set/kxor_instance_n19_k2_m129_ell2_eps0.15_kappa1.0_rho0.8.npz,/Users/julian/CodingProjects/UniT3/QuarticSpeedupK-XOR/logs/final_problem_set/kxor_instance_n19_k2_m129_ell2_eps0.15_kappa1.0_rho0.8.log,19,129,False,19,0.7984496124031008,0.0,1.0
/Users/julian/CodingProjects/UniT3/QuarticSpeedupK-XOR/z_Daphne/data/final_problem_set/kxor_instance_n19_k2_m129_ell2_eps0.15_kappa1.0_rho1.0.npz,/Users/julian/CodingProjects/UniT3/QuarticSpeedupK-XOR/logs/final_problem_set/kxor_instance_n19_k2_m129_ell2_eps0.15_kappa1.0_rho1.0.log,19,129,False,19,1.0,0.0,1.0
/Users/julian/CodingProjects/UniT3/QuarticSpeedupK-XOR/z_Daphne/data/final_problem_set/kxor_instance_n19_k2_m135_ell2_eps0.2_kappa1.0_rho0.0.npz,/Users/julian/CodingProjects/UniT3/QuarticSpeedupK-XOR/logs/final_problem_set/kxor_instance_n19_k2_m135_ell2_eps0.2_kappa1.0_rho0.0.log,19,135,False,19,0.2740740740740741,,
/Users/julian/CodingProjects/UniT3/QuarticSpeedupK-XOR/z_Daphne/data/final_problem_set/kxor_instance_n19_k2_m135_ell2_eps0.2_kappa1.0_rho0.2.npz,/Users/julian/CodingProjects/UniT3/QuarticSpeedupK-XOR/logs/final_problem_set/kxor_instance_n19_k2_m135_ell2_eps0.2_kappa1.0_rho0.2.log,19,135,False,19,0.3037037037037037,0.21052631578947367,0.5789473684210527
/Users/julian/CodingProjects/UniT3/QuarticSpeedupK-XOR/z_Daphne/data/final_problem_set/kxor_instance_n19_k2_m135_ell2_eps0.2_kappa1.0_rho0.4.npz,/Users/julian/CodingProjects/UniT3/QuarticSpeedupK-XOR/logs/final_problem_set/kxor_instance_n19_k2_m135_ell2_eps0.2_kappa1.0_rho0.4.log,19,135,False,19,0.3333333333333333,0.15789473684210525,0.6842105263157895
/Users/julian/CodingProjects/UniT3/QuarticSpeedupK-XOR/z_Daphne/data/final_problem_set/kxor_instance_n19_k2_m135_ell2_eps0.2_kappa1.0_rho0.6.npz,/Users/julian/CodingProjects/UniT3/QuarticSpeedupK-XOR/logs/final_problem_set/kxor_instance_n19_k2_m135_ell2_eps0.2_kappa1.0_rho0.6.log,19,135,False,19,0.6148148148148148,0.0,1.0
/Users/julian/CodingProjects/UniT3/QuarticSpeedupK-XOR/z_Daphne/data/final_problem_set/kxor_instance_n19_k2_m135_ell2_eps0.2_kappa1.0_rho0.8.npz,/Users/julian/CodingProjects/UniT3/QuarticSpeedupK-XOR/logs/final_problem_set/kxor_instance_n19_k2_m135_ell2_eps0.2_kappa1.0_rho0.8.log,19,135,False,19,0.7925925925925926,0.0,1.0
/Users/julian/CodingProjects/UniT3/QuarticSpeedupK-XOR/z_Daphne/data/final_problem_set/kxor_instance_n19_k2_m135_ell2_eps0.2_kappa1.0_rho1.0.npz,/Users/julian/CodingProjects/UniT3/QuarticSpeedupK-XOR/logs/final_problem_set/kxor_instance_n19_k2_m135_ell2_eps0.2_kappa1.0_rho1.0.log,19,135,False,19,1.0,0.0,1.0
/Users/julian/CodingProjects/UniT3/QuarticSpeedupK-XOR/z_Daphne/data/final_problem_set/kxor_instance_n19_k2_m140_ell2_eps0.25_kappa1.0_rho0.0.npz,/Users/julian/CodingProjects/UniT3/QuarticSpeedupK-XOR/logs/final_problem_set/kxor_instance_n19_k2_m140_ell2_eps0.25_kappa1.0_rho0.0.log,19,140,False,19,0.22857142857142856,,
/Users/julian/CodingProjects/UniT3/QuarticSpeedupK-XOR/z_Daphne/data/final_problem_set/kxor_instance_n19_k2_m140_ell2_eps0.25_kappa1.0_rho0.2.npz,/Users/julian/CodingProjects/UniT3/QuarticSpeedupK-XOR/logs/final_problem_set/kxor_instance_n19_k2_m140_ell2_eps0.25_kappa1.0_rho0.2.log,19,140,False,19,0.38571428571428573,0.3684210526315789,0.2631578947368421
/Users/julian/CodingProjects/UniT3/QuarticSpeedupK-XOR/z_Daphne/data/final_problem_set/kxor_instance_n19_k2_m140_ell2_eps0.25_kappa1.0_rho0.4.npz,/Users/julian/CodingProjects/UniT3/QuarticSpeedupK-XOR/logs/final_problem_set/kxor_instance_n19_k2_m140_ell2_eps0.25_kappa1.0_rho0.4.log,19,140,False,19,0.35714285714285715,0.3157894736842105,0.3684210526315789
/Users/julian/CodingProjects/UniT3/QuarticSpeedupK-XOR/z_Daphne/data/final_problem_set/kxor_instance_n19_k2_m140_ell2_eps0.25_kappa1.0_rho0.6.npz,/Users/julian/CodingProjects/UniT3/QuarticSpeedupK-XOR/logs/final_problem_set/kxor_instance_n19_k2_m140_ell2_eps0.25_kappa1.0_rho0.6.log,19,140,False,19,0.6142857142857143,0.0,1.0
/Users/julian/CodingProjects/UniT3/QuarticSpeedupK-XOR/z_Daphne/data/final_problem_set/kxor_instance_n19_k2_m140_ell2_eps0.25_kappa1.0_rho0.8.npz,/Users/julian/CodingProjects/UniT3/QuarticSpeedupK-XOR/logs/final_problem_set/kxor_instance_n19_k2_m140_ell2_eps0.25_kappa1.0_rho0.8.log,19,140,False,19,0.7285714285714285,0.0,1.0
/Users/julian/CodingProjects/UniT3/QuarticSpeedupK-XOR/z_Daphne/data/final_problem_set/kxor_instance_n19_k2_m140_ell2_eps0.25_kappa1.0_rho1.0.npz,/Users/julian/CodingProjects/UniT3/QuarticSpeedupK-XOR/logs/final_problem_set/kxor_instance_n19_k2_m140_ell2_eps0.25_kappa1.0_rho1.0.log,19,140,False,19,1.0,0.0,1.0
/Users/julian/CodingProjects/UniT3/QuarticSpeedupK-XOR/z_Daphne/data/final_problem_set/kxor_instance_n19_k2_m146_ell2_eps0.3_kappa1.0_rho0.0.npz,/Users/julian/CodingProjects/UniT3/QuarticSpeedupK-XOR/logs/final_problem_set/kxor_instance_n19_k2_m146_ell2_eps0.3_kappa1.0_rho0.0.log,19,146,False,19,0.273972602739726,,
/Users/julian/CodingProjects/UniT3/QuarticSpeedupK-XOR/z_Daphne/data/final_problem_set/kxor_instance_n19_k2_m146_ell2_eps0.3_kappa1.0_rho0.2.npz,/Users/julian/CodingProjects/UniT3/QuarticSpeedupK-XOR/logs/final_problem_set/kxor_instance_n19_k2_m146_ell2_eps0.3_kappa1.0_rho0.2.log,19,146,False,19,0.3013698630136986,0.21052631578947367,0.5789473684210527
/Users/julian/CodingProjects/UniT3/QuarticSpeedupK-XOR/z_Daphne/data/final_problem_set/kxor_instance_n19_k2_m146_ell2_eps0.3_kappa1.0_rho0.4.npz,/Users/julian/CodingProjects/UniT3/QuarticSpeedupK-XOR/logs/final_problem_set/kxor_instance_n19_k2_m146_ell2_eps0.3_kappa1.0_rho0.4.log,19,146,False,19,0.273972602739726,0.21052631578947367,0.5789473684210527
/Users/julian/CodingProjects/UniT3/QuarticSpeedupK-XOR/z_Daphne/data/final_problem_set/kxor_instance_n19_k2_m146_ell2_eps0.3_kappa1.0_rho0.6.npz,/Users/julian/CodingProjects/UniT3/QuarticSpeedupK-XOR/logs/final_problem_set/kxor_instance_n19_k2_m146_ell2_eps0.3_kappa1.0_rho0.6.log,19,146,False,19,0.5753424657534246,0.0,1.0
/Users/julian/CodingProjects/UniT3/QuarticSpeedupK-XOR/z_Daphne/data/final_problem_set/kxor_instance_n19_k2_m146_ell2_eps0.3_kappa1.0_rho0.8.npz,/Users/julian/CodingProjects/UniT3/QuarticSpeedupK-XOR/logs/final_problem_set/kxor_instance_n19_k2_m146_ell2_eps0.3_kappa1.0_rho0.8.log,19,146,False,19,0.863013698630137,0.0,1.0
/Users/julian/CodingProjects/UniT3/QuarticSpeedupK-XOR/z_Daphne/data/final_problem_set/kxor_instance_n19_k2_m146_ell2_eps0.3_kappa1.0_rho1.0.npz,/Users/julian/CodingProjects/UniT3/QuarticSpeedupK-XOR/logs/final_problem_set/kxor_instance_n19_k2_m146_ell2_eps0.3_kappa1.0_rho1.0.log,19,146,False,19,1.0,0.0,1.0
/Users/julian/CodingProjects/UniT3/QuarticSpeedupK-XOR/z_Daphne/data/final_problem_set/kxor_instance_n19_k2_m158_ell2_eps0.15_kappa0.875_rho0.0.npz,/Users/julian/CodingProjects/UniT3/QuarticSpeedupK-XOR/logs/final_problem_set/kxor_instance_n19_k2_m158_ell2_eps0.15_kappa0.875_rho0.0.log,19,158,False,19,0.34177215189873417,,
/Users/julian/CodingProjects/UniT3/QuarticSpeedupK-XOR/z_Daphne/data/final_problem_set/kxor_instance_n19_k2_m158_ell2_eps0.15_kappa0.875_rho0.2.npz,/Users/julian/CodingProjects/UniT3/QuarticSpeedupK-XOR/logs/final_problem_set/kxor_instance_n19_k2_m158_ell2_eps0.15_kappa0.875_rho0.2.log,19,158,False,19,0.31645569620253167,0.10526315789473684,0.7894736842105263
/Users/julian/CodingProjects/UniT3/QuarticSpeedupK-XOR/z_Daphne/data/final_problem_set/kxor_instance_n19_k2_m158_ell2_eps0.15_kappa0.875_rho0.4.npz,/Users/julian/CodingProjects/UniT3/QuarticSpeedupK-XOR/logs/final_problem_set/kxor_instance_n19_k2_m158_ell2_eps0.15_kappa0.875_rho0.4.log,19,158,False,19,0.43037974683544306,0.0,1.0
/Users/julian/CodingProjects/UniT3/QuarticSpeedupK-XOR/z_Daphne/data/final_problem_set/kxor_instance_n19_k2_m158_ell2_eps0.15_kappa0.875_rho0.6.npz,/Users/julian/CodingProjects/UniT3/QuarticSpeedupK-XOR/logs/final_problem_set/kxor_instance_n19_k2_m158_ell2_eps0.15_kappa0.875_rho0.6.log,19,158,False,19,0.5189873417721519,0.0,1.0
/Users/julian/CodingProjects/UniT3/QuarticSpeedupK-XOR/z_Daphne/data/final_problem_set/kxor_instance_n19_k2_m158_ell2_eps0.15_kappa0.875_rho0.8.npz,/Users/julian/CodingProjects/UniT3/QuarticSpeedupK-XOR/logs/final_problem_set/kxor_instance_n19_k2_m158_ell2_eps0.15_kappa0.875_rho0.8.log,19,158,False,19,0.810126582278481,0.0,1.0
/Users/julian/CodingProjects/UniT3/QuarticSpeedupK-XOR/z_Daphne/data/final_problem_set/kxor_instance_n19_k2_m158_ell2_eps0.15_kappa0.875_rho1.0.npz,/Users/julian/CodingProjects/UniT3/QuarticSpeedupK-XOR/logs/final_problem_set/kxor_instance_n19_k2_m158_ell2_eps0.15_kappa0.875_rho1.0.log,19,158,False,19,1.0,0.0,1.0
/Users/julian/CodingProjects/UniT3/QuarticSpeedupK-XOR/z_Daphne/data/final_problem_set/kxor_instance_n19_k2_m165_ell2_eps0.2_kappa0.875_rho0.0.npz,/Users/julian/CodingProjects/UniT3/QuarticSpeedupK-XOR/logs/final_problem_set/kxor_instance_n19_k2_m165_ell2_eps0.2_kappa0.875_rho0.0.log,19,165,False,19,0.28484848484848485,,
/Users/julian/CodingProjects/UniT3/QuarticSpeedupK-XOR/z_Daphne/data/final_problem_set/kxor_instance_n19_k2_m165_ell2_eps0.2_kappa0.875_rho0.2.npz,/Users/julian/CodingProjects/UniT3/QuarticSpeedupK-XOR/logs/final_problem_set/kxor_instance_n19_k2_m165_ell2_eps0.2_kappa0.875_rho0.2.log,19,165,False,19,0.18787878787878787,0.3157894736842105,0.3684210526315789
/Users/julian/CodingProjects/UniT3/QuarticSpeedupK-XOR/z_Daphne/data/final_problem_set/kxor_instance_n19_k2_m165_ell2_eps0.2_kappa0.875_rho0.4.npz,/Users/julian/CodingProjects/UniT3/QuarticSpeedupK-XOR/logs/final_problem_set/kxor_instance_n19_k2_m165_ell2_eps0.2_kappa0.875_rho0.4.log,19,165,False,19,0.45454545454545453,0.05263157894736842,0.8947368421052632
/Users/julian/CodingProjects/UniT3/QuarticSpeedupK-XOR/z_Daphne/data/final_problem_set/kxor_instance_n19_k2_m165_ell2_eps0.2_kappa0.875_rho0.6.npz,/Users/julian/CodingProjects/UniT3/QuarticSpeedupK-XOR/logs/final_problem_set/kxor_instance_n19_k2_m165_ell2_eps0.2_kappa0.875_rho0.6.log,19,165,False,19,0.5878787878787879,0.0,1.0
/Users/julian/CodingProjects/UniT3/QuarticSpeedupK-XOR/z_Daphne/data/final_problem_set/kxor_instance_n19_k2_m165_ell2_eps0.2_kappa0.875_rho0.8.npz,/Users/julian/CodingProjects/UniT3/QuarticSpeedupK-XOR/logs/final_problem_set/kxor_instance_n19_k2_m165_ell2_eps0.2_kappa0.875_rho0.8.log,19,165,False,19,0.8303030303030303,0.0,1.0
/Users/julian/CodingProjects/UniT3/QuarticSpeedupK-XOR/z_Daphne/data/final_problem_set/kxor_instance_n19_k2_m165_ell2_eps0.2_kappa0.875_rho1.0.npz,/Users/julian/CodingProjects/UniT3/QuarticSpeedupK-XOR/logs/final_problem_set/kxor_instance_n19_k2_m165_ell2_eps0.2_kappa0.875_rho1.0.log,19,165,False,19,1.0,0.0,1.0
/Users/julian/CodingProjects/UniT3/QuarticSpeedupK-XOR/z_Daphne/data/final_problem_set/kxor_instance_n19_k2_m172_ell2_eps0.25_kappa0.875_rho0.0.npz,/Users/julian/CodingProjects/UniT3/QuarticSpeedupK-XOR/logs/final_problem_set/kxor_instance_n19_k2_m172_ell2_eps0.25_kappa0.875_rho0.0.log,19,172,False,19,0.19767441860465115,,
/Users/julian/CodingProjects/UniT3/QuarticSpeedupK-XOR/z_Daphne/data/final_problem_set/kxor_instance_n19_k2_m172_ell2_eps0.25_kappa0.875_rho0.2.npz,/Users/julian/CodingProjects/UniT3/QuarticSpeedupK-XOR/logs/final_problem_set/kxor_instance_n19_k2_m172_ell2_eps0.25_kappa0.875_rho0.2.log,19,172,False,19,0.18604651162790697,0.3684210526315789,0.2631578947368421
/Users/julian/CodingProjects/UniT3/QuarticSpeedupK-XOR/z_Daphne/data/final_problem_set/kxor_instance_n19_k2_m172_ell2_eps0.25_kappa0.875_rho0.4.npz,/Users/julian/CodingProjects/UniT3/QuarticSpeedupK-XOR/logs/final_problem_set/kxor_instance_n19_k2_m172_ell2_eps0.25_kappa0.875_rho0.4.log,19,172,False,19,0.46511627906976744,0.05263157894736842,0.8947368421052632
/Users/julian/CodingProjects/UniT3/QuarticSpeedupK-XOR/z_Daphne/data/final_problem_set/kxor_instance_n19_k2_m172_ell2_eps0.25_kappa0.875_rho0.6.npz,/Users/julian/CodingProjects/UniT3/QuarticSpeedupK-XOR/logs/final_problem_set/kxor_instance_n19_k2_m172_ell2_eps0.25_kappa0.875_rho0.6.log,19,172,False,19,0.6395348837209303,0.0,1.0
/Users/julian/CodingProjects/UniT3/QuarticSpeedupK-XOR/z_Daphne/data/final_problem_set/kxor_instance_n19_k2_m172_ell2_eps0.25_kappa0.875_rho0.8.npz,/Users/julian/CodingProjects/UniT3/QuarticSpeedupK-XOR/logs/final_problem_set/kxor_instance_n19_k2_m172_ell2_eps0.25_kappa0.875_rho0.8.log,19,172,False,19,0.7906976744186046,0.0,1.0
/Users/julian/CodingProjects/UniT3/QuarticSpeedupK-XOR/z_Daphne/data/final_problem_set/kxor_instance_n19_k2_m172_ell2_eps0.25_kappa0.875_rho1.0.npz,/Users/julian/CodingProjects/UniT3/QuarticSpeedupK-XOR/logs/final_problem_set/kxor_instance_n19_k2_m172_ell2_eps0.25_kappa0.875_rho1.0.log,19,172,False,19,1.0,0.0,1.0
/Users/julian/CodingProjects/UniT3/QuarticSpeedupK-XOR/z_Daphne/data/final_problem_set/kxor_instance_n19_k2_m179_ell2_eps0.3_kappa0.875_rho0.0.npz,/Users/julian/CodingProjects/UniT3/QuarticSpeedupK-XOR/logs/final_problem_set/kxor_instance_n19_k2_m179_ell2_eps0.3_kappa0.875_rho0.0.log,19,179,False,19,0.22905027932960895,,
/Users/julian/CodingProjects/UniT3/QuarticSpeedupK-XOR/z_Daphne/data/final_problem_set/kxor_instance_n19_k2_m179_ell2_eps0.3_kappa0.875_rho0.2.npz,/Users/julian/CodingProjects/UniT3/QuarticSpeedupK-XOR/logs/final_problem_set/kxor_instance_n19_k2_m179_ell2_eps0.3_kappa0.875_rho0.2.log,19,179,False,19,0.29608938547486036,0.42105263157894735,0.15789473684210525
/Users/julian/CodingProjects/UniT3/QuarticSpeedupK-XOR/z_Daphne/data/final_problem_set/kxor_instance_n19_k2_m179_ell2_eps0.3_kappa0.875_rho0.4.npz,/Users/julian/CodingProjects/UniT3/QuarticSpeedupK-XOR/logs/final_problem_set/kxor_instance_n19_k2_m179_ell2_eps0.3_kappa0.875_rho0.4.log,19,179,False,19,0.30726256983240224,0.10526315789473684,0.7894736842105263
/Users/julian/CodingProjects/UniT3/QuarticSpeedupK-XOR/z_Daphne/data/final_problem_set/kxor_instance_n19_k2_m179_ell2_eps0.3_kappa0.875_rho0.6.npz,/Users/julian/CodingProjects/UniT3/QuarticSpeedupK-XOR/logs/final_problem_set/kxor_instance_n19_k2_m179_ell2_eps0.3_kappa0.875_rho0.6.log,19,179,False,19,0.5977653631284916,0.05263157894736842,0.8947368421052632
/Users/julian/CodingProjects/UniT3/QuarticSpeedupK-XOR/z_Daphne/data/final_problem_set/kxor_instance_n19_k2_m179_ell2_eps0.3_kappa0.875_rho0.8.npz,/Users/julian/CodingProjects/UniT3/QuarticSpeedupK-XOR/logs/final_problem_set/kxor_instance_n19_k2_m179_ell2_eps0.3_kappa0.875_rho0.8.log,19,179,False,19,0.8100558659217877,0.0,1.0
/Users/julian/CodingProjects/UniT3/QuarticSpeedupK-XOR/z_Daphne/data/final_problem_set/kxor_instance_n19_k2_m179_ell2_eps0.3_kappa0.875_rho1.0.npz,/Users/julian/CodingProjects/UniT3/QuarticSpeedupK-XOR/logs/final_problem_set/kxor_instance_n19_k2_m179_ell2_eps0.3_kappa0.875_rho1.0.log,19,179,False,19,1.0,0.0,1.0
/Users/julian/CodingProjects/UniT3/QuarticSpeedupK-XOR/z_Daphne/data/final_problem_set/kxor_instance_n19_k2_m201_ell2_eps0.15_kappa0.75_rho0.0.npz,/Users/julian/CodingProjects/UniT3/QuarticSpeedupK-XOR/logs/final_problem_set/kxor_instance_n19_k2_m201_ell2_eps0.15_kappa0.75_rho0.0.log,19,201,False,19,0.21393034825870647,,
/Users/julian/CodingProjects/UniT3/QuarticSpeedupK-XOR/z_Daphne/data/final_problem_set/kxor_instance_n19_k2_m201_ell2_eps0.15_kappa0.75_rho0.2.npz,/Users/julian/CodingProjects/UniT3/QuarticSpeedupK-XOR/logs/final_problem_set/kxor_instance_n19_k2_m201_ell2_eps0.15_kappa0.75_rho0.2.log,19,201,False,19,0.24378109452736318,0.21052631578947367,0.5789473684210527
/Users/julian/CodingProjects/UniT3/QuarticSpeedupK-XOR/z_Daphne/data/final_problem_set/kxor_instance_n19_k2_m201_ell2_eps0.15_kappa0.75_rho0.4.npz,/Users/julian/CodingProjects/UniT3/QuarticSpeedupK-XOR/logs/final_problem_set/kxor_instance_n19_k2_m201_ell2_eps0.15_kappa0.75_rho0.4.log,19,201,False,19,0.2835820895522388,0.3684210526315789,0.2631578947368421
/Users/julian/CodingProjects/UniT3/QuarticSpeedupK-XOR/z_Daphne/data/final_problem_set/kxor_instance_n19_k2_m201_ell2_eps0.15_kappa0.75_rho0.6.npz,/Users/julian/CodingProjects/UniT3/QuarticSpeedupK-XOR/logs/final_problem_set/kxor_instance_n19_k2_m201_ell2_eps0.15_kappa0.75_rho0.6.log,19,201,False,19,0.6218905472636815,0.0,1.0
/Users/julian/CodingProjects/UniT3/QuarticSpeedupK-XOR/z_Daphne/data/final_problem_set/kxor_instance_n19_k2_m201_ell2_eps0.15_kappa0.75_rho0.8.npz,/Users/julian/CodingProjects/UniT3/QuarticSpeedupK-XOR/logs/final_problem_set/kxor_instance_n19_k2_m201_ell2_eps0.15_kappa0.75_rho0.8.log,19,201,False,19,0.8208955223880597,0.0,1.0
/Users/julian/CodingProjects/UniT3/QuarticSpeedupK-XOR/z_Daphne/data/final_problem_set/kxor_instance_n19_k2_m201_ell2_eps0.15_kappa0.75_rho1.0.npz,/Users/julian/CodingProjects/UniT3/QuarticSpeedupK-XOR/logs/final_problem_set/kxor_instance_n19_k2_m201_ell2_eps0.15_kappa0.75_rho1.0.log,19,201,False,19,1.0,0.0,1.0
/Users/julian/CodingProjects/UniT3/QuarticSpeedupK-XOR/z_Daphne/data/final_problem_set/kxor_instance_n19_k2_m209_ell2_eps0.2_kappa0.75_rho0.0.npz,/Users/julian/CodingProjects/UniT3/QuarticSpeedupK-XOR/logs/final_problem_set/kxor_instance_n19_k2_m209_ell2_eps0.2_kappa0.75_rho0.0.log,19,209,False,19,0.215311004784689,,
/Users/julian/CodingProjects/UniT3/QuarticSpeedupK-XOR/z_Daphne/data/final_problem_set/kxor_instance_n19_k2_m209_ell2_eps0.2_kappa0.75_rho0.2.npz,/Users/julian/CodingProjects/UniT3/QuarticSpeedupK-XOR/logs/final_problem_set/kxor_instance_n19_k2_m209_ell2_eps0.2_kappa0.75_rho0.2.log,19,209,False,19,0.2535885167464115,0.10526315789473684,0.7894736842105263
/Users/julian/CodingProjects/UniT3/QuarticSpeedupK-XOR/z_Daphne/data/final_problem_set/kxor_instance_n19_k2_m209_ell2_eps0.2_kappa0.75_rho0.4.npz,/Users/julian/CodingProjects/UniT3/QuarticSpeedupK-XOR/logs/final_problem_set/kxor_instance_n19_k2_m209_ell2_eps0.2_kappa0.75_rho0.4.log,19,209,False,19,0.33014354066985646,0.2631578947368421,0.47368421052631576
/Users/julian/CodingProjects/UniT3/QuarticSpeedupK-XOR/z_Daphne/data/final_problem_set/kxor_instance_n19_k2_m209_ell2_eps0.2_kappa0.75_rho0.6.npz,/Users/julian/CodingProjects/UniT3/QuarticSpeedupK-XOR/logs/final_problem_set/kxor_instance_n19_k2_m209_ell2_eps0.2_kappa0.75_rho0.6.log,19,209,False,19,0.5502392344497608,0.0,1.0
/Users/julian/CodingProjects/UniT3/QuarticSpeedupK-XOR/z_Daphne/data/final_problem_set/kxor_instance_n19_k2_m209_ell2_eps0.2_kappa0.75_rho0.8.npz,/Users/julian/CodingProjects/UniT3/QuarticSpeedupK-XOR/logs/final_problem_set/kxor_instance_n19_k2_m209_ell2_eps0.2_kappa0.75_rho0.8.log,19,209,False,19,0.8181818181818182,0.0,1.0
/Users/julian/CodingProjects/UniT3/QuarticSpeedupK-XOR/z_Daphne/data/final_problem_set/kxor_instance_n19_k2_m209_ell2_eps0.2_kappa0.75_rho1.0.npz,/Users/julian/CodingProjects/UniT3/QuarticSpeedupK-XOR/logs/final_problem_set/kxor_instance_n19_k2_m209_ell2_eps0.2_kappa0.75_rho1.0.log,19,209,False,19,1.0,0.0,1.0
/Users/julian/CodingProjects/UniT3/QuarticSpeedupK-XOR/z_Daphne/data/final_problem_set/kxor_instance_n19_k2_m218_ell2_eps0.25_kappa0.75_rho0.0.npz,/Users/julian/CodingProjects/UniT3/QuarticSpeedupK-XOR/logs/final_problem_set/kxor_instance_n19_k2_m218_ell2_eps0.25_kappa0.75_rho0.0.log,19,218,False,19,0.22018348623853212,,
/Users/julian/CodingProjects/UniT3/QuarticSpeedupK-XOR/z_Daphne/data/final_problem_set/kxor_instance_n19_k2_m218_ell2_eps0.25_kappa0.75_rho0.2.npz,/Users/julian/CodingProjects/UniT3/QuarticSpeedupK-XOR/logs/final_problem_set/kxor_instance_n19_k2_m218_ell2_eps0.25_kappa0.75_rho0.2.log,19,218,False,19,0.13761467889908258,0.42105263157894735,0.15789473684210525
/Users/julian/CodingProjects/UniT3/QuarticSpeedupK-XOR/z_Daphne/data/final_problem_set/kxor_instance_n19_k2_m218_ell2_eps0.25_kappa0.75_rho0.4.npz,/Users/julian/CodingProjects/UniT3/QuarticSpeedupK-XOR/logs/final_problem_set/kxor_instance_n19_k2_m218_ell2_eps0.25_kappa0.75_rho0.4.log,19,218,False,19,0.3761467889908257,0.05263157894736842,0.8947368421052632
/Users/julian/CodingProjects/UniT3/QuarticSpeedupK-XOR/z_Daphne/data/final_problem_set/kxor_instance_n19_k2_m218_ell2_eps0.25_kappa0.75_rho0.6.npz,/Users/julian/CodingProjects/UniT3/QuarticSpeedupK-XOR/logs/final_problem_set/kxor_instance_n19_k2_m218_ell2_eps0.25_kappa0.75_rho0.6.log,19,218,False,19,0.5963302752293578,0.0,1.0
/Users/julian/CodingProjects/UniT3/QuarticSpeedupK-XOR/z_Daphne/data/final_problem_set/kxor_instance_n19_k2_m218_ell2_eps0.25_kappa0.75_rho0.8.npz,/Users/julian/CodingProjects/UniT3/QuarticSpeedupK-XOR/logs/final_problem_set/kxor_instance_n19_k2_m218_ell2_eps0.25_kappa0.75_rho0.8.log,19,218,False,19,0.7522935779816514,0.0,1.0
/Users/julian/CodingProjects/UniT3/QuarticSpeedupK-XOR/z_Daphne/data/final_problem_set/kxor_instance_n19_k2_m218_ell2_eps0.25_kappa0.75_rho1.0.npz,/Users/julian/CodingProjects/UniT3/QuarticSpeedupK-XOR/logs/final_problem_set/kxor_instance_n19_k2_m218_ell2_eps0.25_kappa0.75_rho1.0.log,19,218,False,19,1.0,0.0,1.0
/Users/julian/CodingProjects/UniT3/QuarticSpeedupK-XOR/z_Daphne/data/final_problem_set/kxor_instance_n19_k4_m231_ell4_eps0.3_kappa1.0_rho0.0.npz,/Users/julian/CodingProjects/UniT3/QuarticSpeedupK-XOR/logs/final_problem_set/kxor_instance_n19_k4_m231_ell4_eps0.3_kappa1.0_rho0.0.log,19,231,False,19,0.06493506493506493,,
/Users/julian/CodingProjects/UniT3/QuarticSpeedupK-XOR/z_Daphne/data/final_problem_set/kxor_instance_n19_k4_m231_ell4_eps0.3_kappa1.0_rho0.2.npz,/Users/julian/CodingProjects/UniT3/QuarticSpeedupK-XOR/logs/final_problem_set/kxor_instance_n19_k4_m231_ell4_eps0.3_kappa1.0_rho0.2.log,19,231,False,19,0.22077922077922077,0.42105263157894735,0.15789473684210525
/Users/julian/CodingProjects/UniT3/QuarticSpeedupK-XOR/z_Daphne/data/final_problem_set/kxor_instance_n19_k4_m231_ell4_eps0.3_kappa1.0_rho0.4.npz,/Users/julian/CodingProjects/UniT3/QuarticSpeedupK-XOR/logs/final_problem_set/kxor_instance_n19_k4_m231_ell4_eps0.3_kappa1.0_rho0.4.log,19,231,False,19,0.15151515151515152,0.47368421052631576,0.05263157894736842
/Users/julian/CodingProjects/UniT3/QuarticSpeedupK-XOR/z_Daphne/data/final_problem_set/kxor_instance_n19_k4_m231_ell4_eps0.3_kappa1.0_rho0.6.npz,/Users/julian/CodingProjects/UniT3/QuarticSpeedupK-XOR/logs/final_problem_set/kxor_instance_n19_k4_m231_ell4_eps0.3_kappa1.0_rho0.6.log,19,231,False,19,0.6277056277056277,0.0,1.0
/Users/julian/CodingProjects/UniT3/QuarticSpeedupK-XOR/z_Daphne/data/final_problem_set/kxor_instance_n19_k4_m231_ell4_eps0.3_kappa1.0_rho0.8.npz,/Users/julian/CodingProjects/UniT3/QuarticSpeedupK-XOR/logs/final_problem_set/kxor_instance_n19_k4_m231_ell4_eps0.3_kappa1.0_rho0.8.log,19,231,False,19,0.7835497835497836,0.0,1.0
/Users/julian/CodingProjects/UniT3/QuarticSpeedupK-XOR/z_Daphne/data/final_problem_set/kxor_instance_n19_k4_m231_ell4_eps0.3_kappa1.0_rho1.0.npz,/Users/julian/CodingProjects/UniT3/QuarticSpeedupK-XOR/logs/final_problem_set/kxor_instance_n19_k4_m231_ell4_eps0.3_kappa1.0_rho1.0.log,19,231,False,19,1.0,0.0,1.0
/Users/julian/CodingProjects/UniT3/QuarticSpeedupK-XOR/z_Daphne/data/final_problem_set/kxor_instance_n20_k2_m138_ell2_eps0.15_kappa1.0_rho0.0.npz,/Users/julian/CodingProjects/UniT3/QuarticSpeedupK-XOR/logs/final_problem_set/kxor_instance_n20_k2_m138_ell2_eps0.15_kappa1.0_rho0.0.log,20,138,False,20,0.21739130434782608,,
/Users/julian/CodingProjects/UniT3/QuarticSpeedupK-XOR/z_Daphne/data/final_problem_set/kxor_instance_n20_k2_m138_ell2_eps0.15_kappa1.0_rho0.2.npz,/Users/julian/CodingProjects/UniT3/QuarticSpeedupK-XOR/logs/final_problem_set/kxor_instance_n20_k2_m138_ell2_eps0.15_kappa1.0_rho0.2.log,20,138,False,20,0.2898550724637681,0.1,0.8
/Users/julian/CodingProjects/UniT3/QuarticSpeedupK-XOR/z_Daphne/data/final_problem_set/kxor_instance_n20_k2_m138_ell2_eps0.15_kappa1.0_rho0.4.npz,/Users/julian/CodingProjects/UniT3/QuarticSpeedupK-XOR/logs/final_problem_set/kxor_instance_n20_k2_m138_ell2_eps0.15_kappa1.0_rho0.4.log,20,138,False,20,0.4927536231884058,0.1,0.8
/Users/julian/CodingProjects/UniT3/QuarticSpeedupK-XOR/z_Daphne/data/final_problem_set/kxor_instance_n20_k2_m138_ell2_eps0.15_kappa1.0_rho0.6.npz,/Users/julian/CodingProjects/UniT3/QuarticSpeedupK-XOR/logs/final_problem_set/kxor_instance_n20_k2_m138_ell2_eps0.15_kappa1.0_rho0.6.log,20,138,False,20,0.5362318840579711,0.05,0.9
/Users/julian/CodingProjects/UniT3/QuarticSpeedupK-XOR/z_Daphne/data/final_problem_set/kxor_instance_n20_k2_m138_ell2_eps0.15_kappa1.0_rho0.8.npz,/Users/julian/CodingProjects/UniT3/QuarticSpeedupK-XOR/logs/final_problem_set/kxor_instance_n20_k2_m138_ell2_eps0.15_kappa1.0_rho0.8.log,20,138,False,20,0.8695652173913043,0.0,1.0
/Users/julian/CodingProjects/UniT3/QuarticSpeedupK-XOR/z_Daphne/data/final_problem_set/kxor_instance_n20_k2_m138_ell2_eps0.15_kappa1.0_rho1.0.npz,/Users/julian/CodingProjects/UniT3/QuarticSpeedupK-XOR/logs/final_problem_set/kxor_instance_n20_k2_m138_ell2_eps0.15_kappa1.0_rho1.0.log,20,138,False,20,1.0,0.0,1.0
/Users/julian/CodingProjects/UniT3/QuarticSpeedupK-XOR/z_Daphne/data/final_problem_set/kxor_instance_n20_k2_m144_ell2_eps0.2_kappa1.0_rho0.0.npz,/Users/julian/CodingProjects/UniT3/QuarticSpeedupK-XOR/logs/final_problem_set/kxor_instance_n20_k2_m144_ell2_eps0.2_kappa1.0_rho0.0.log,20,144,False,20,0.25,,
/Users/julian/CodingProjects/UniT3/QuarticSpeedupK-XOR/z_Daphne/data/final_problem_set/kxor_instance_n20_k2_m144_ell2_eps0.2_kappa1.0_rho0.2.npz,/Users/julian/CodingProjects/UniT3/QuarticSpeedupK-XOR/logs/final_problem_set/kxor_instance_n20_k2_m144_ell2_eps0.2_kappa1.0_rho0.2.log,20,144,False,20,0.2361111111111111,0.45,0.1
/Users/julian/CodingProjects/UniT3/QuarticSpeedupK-XOR/z_Daphne/data/final_problem_set/kxor_instance_n20_k2_m144_ell2_eps0.2_kappa1.0_rho0.4.npz,/Users/julian/CodingProjects/UniT3/QuarticSpeedupK-XOR/logs/final_problem_set/kxor_instance_n20_k2_m144_ell2_eps0.2_kappa1.0_rho0.4.log,20,144,False,20,0.3333333333333333,0.2,0.6
/Users/julian/CodingProjects/UniT3/QuarticSpeedupK-XOR/z_Daphne/data/final_problem_set/kxor_instance_n20_k2_m144_ell2_eps0.2_kappa1.0_rho0.6.npz,/Users/julian/CodingProjects/UniT3/QuarticSpeedupK-XOR/logs/final_problem_set/kxor_instance_n20_k2_m144_ell2_eps0.2_kappa1.0_rho0.6.log,20,144,False,20,0.5277777777777778,0.0,1.0
/Users/julian/CodingProjects/UniT3/QuarticSpeedupK-XOR/z_Daphne/data/final_problem_set/kxor_instance_n20_k2_m144_ell2_eps0.2_kappa1.0_rho0.8.npz,/Users/julian/CodingProjects/UniT3/QuarticSpeedupK-XOR/logs/final_problem_set/kxor_instance_n20_k2_m144_ell2_eps0.2_kappa1.0_rho0.8.log,20,144,False,20,0.7916666666666666,0.0,1.0
/Users/julian/CodingProjects/UniT3/QuarticSpeedupK-XOR/z_Daphne/data/final_problem_set/kxor_instance_n20_k2_m144_ell2_eps0.2_kappa1.0_rho1.0.npz,/Users/julian/CodingProjects/UniT3/QuarticSpeedupK-XOR/logs/final_problem_set/kxor_instance_n20_k2_m144_ell2_eps0.2_kappa1.0_rho1.0.log,20,144,False,20,1.0,0.0,1.0
/Users/julian/CodingProjects/UniT3/QuarticSpeedupK-XOR/z_Daphne/data/final_problem_set/kxor_instance_n20_k2_m150_ell2_eps0.25_kappa1.0_rho0.0.npz,/Users/julian/CodingProjects/UniT3/QuarticSpeedupK-XOR/logs/final_problem_set/kxor_instance_n20_k2_m150_ell2_eps0.25_kappa1.0_rho0.0.log,20,150,False,20,0.25333333333333335,,
/Users/julian/CodingProjects/UniT3/QuarticSpeedupK-XOR/z_Daphne/data/final_problem_set/kxor_instance_n20_k2_m150_ell2_eps0.25_kappa1.0_rho0.2.npz,/Users/julian/CodingProjects/UniT3/QuarticSpeedupK-XOR/logs/final_problem_set/kxor_instance_n20_k2_m150_ell2_eps0.25_kappa1.0_rho0.2.log,20,150,False,20,0.32,0.25,0.5
/Users/julian/CodingProjects/UniT3/QuarticSpeedupK-XOR/z_Daphne/data/final_problem_set/kxor_instance_n20_k2_m150_ell2_eps0.25_kappa1.0_rho0.4.npz,/Users/julian/CodingProjects/UniT3/QuarticSpeedupK-XOR/logs/final_problem_set/kxor_instance_n20_k2_m150_ell2_eps0.25_kappa1.0_rho0.4.log,20,150,False,20,0.36,0.15,0.7
/Users/julian/CodingProjects/UniT3/QuarticSpeedupK-XOR/z_Daphne/data/final_problem_set/kxor_instance_n20_k2_m150_ell2_eps0.25_kappa1.0_rho0.6.npz,/Users/julian/CodingProjects/UniT3/QuarticSpeedupK-XOR/logs/final_problem_set/kxor_instance_n20_k2_m150_ell2_eps0.25_kappa1.0_rho0.6.log,20,150,False,20,0.6933333333333334,0.0,1.0
/Users/julian/CodingProjects/UniT3/QuarticSpeedupK-XOR/z_Daphne/data/final_problem_set/kxor_instance_n20_k2_m150_ell2_eps0.25_kappa1.0_rho0.8.npz,/Users/julian/CodingProjects/UniT3/QuarticSpeedupK-XOR/logs/final_problem_set/kxor_instance_n20_k2_m150_ell2_eps0.25_kappa1.0_rho0.8.log,20,150,False,20,0.8666666666666667,0.0,1.0
/Users/julian/CodingProjects/UniT3/QuarticSpeedupK-XOR/z_Daphne/data/final_problem_set/kxor_instance_n20_k2_m150_ell2_eps0.25_kappa1.0_rho1.0.npz,/Users/julian/CodingProjects/UniT3/QuarticSpeedupK-XOR/logs/final_problem_set/kxor_instance_n20_k2_m150_ell2_eps0.25_kappa1.0_rho1.0.log,20,150,False,20,1.0,0.0,1.0
/Users/julian/CodingProjects/UniT3/QuarticSpeedupK-XOR/z_Daphne/data/final_problem_set/kxor_instance_n20_k2_m156_ell2_eps0.3_kappa1.0_rho0.0.npz,/Users/julian/CodingProjects/UniT3/QuarticSpeedupK-XOR/logs/final_problem_set/kxor_instance_n20_k2_m156_ell2_eps0.3_kappa1.0_rho0.0.log,20,156,False,20,0.21794871794871795,,
/Users/julian/CodingProjects/UniT3/QuarticSpeedupK-XOR/z_Daphne/data/final_problem_set/kxor_instance_n20_k2_m156_ell2_eps0.3_kappa1.0_rho0.2.npz,/Users/julian/CodingProjects/UniT3/QuarticSpeedupK-XOR/logs/final_problem_set/kxor_instance_n20_k2_m156_ell2_eps0.3_kappa1.0_rho0.2.log,20,156,False,20,0.24358974358974358,0.3,0.4
/Users/julian/CodingProjects/UniT3/QuarticSpeedupK-XOR/z_Daphne/data/final_problem_set/kxor_instance_n20_k2_m156_ell2_eps0.3_kappa1.0_rho0.4.npz,/Users/julian/CodingProjects/UniT3/QuarticSpeedupK-XOR/logs/final_problem_set/kxor_instance_n20_k2_m156_ell2_eps0.3_kappa1.0_rho0.4.log,20,156,False,20,0.28205128205128205,0.2,0.6
/Users/julian/CodingProjects/UniT3/QuarticSpeedupK-XOR/z_Daphne/data/final_problem_set/kxor_instance_n20_k2_m156_ell2_eps0.3_kappa1.0_rho0.6.npz,/Users/julian/CodingProjects/UniT3/QuarticSpeedupK-XOR/logs/final_problem_set/kxor_instance_n20_k2_m156_ell2_eps0.3_kappa1.0_rho0.6.log,20,156,False,20,0.5128205128205128,0.05,0.9
/Users/julian/CodingProjects/UniT3/QuarticSpeedupK-XOR/z_Daphne/data/final_problem_set/kxor_instance_n20_k2_m156_ell2_eps0.3_kappa1.0_rho0.8.npz,/Users/julian/CodingProjects/UniT3/QuarticSpeedupK-XOR/logs/final_problem_set/kxor_instance_n20_k2_m156_ell2_eps0.3_kappa1.0_rho0.8.log,20,156,False,20,0.7435897435897436,0.0,1.0
/Users/julian/CodingProjects/UniT3/QuarticSpeedupK-XOR/z_Daphne/data/final_problem_set/kxor_instance_n20_k2_m156_ell2_eps0.3_kappa1.0_rho1.0.npz,/Users/julian/CodingProjects/UniT3/QuarticSpeedupK-XOR/logs/final_problem_set/kxor_instance_n20_k2_m156_ell2_eps0.3_kappa1.0_rho1.0.log,20,156,False,20,1.0,0.0,1.0
/Users/julian/CodingProjects/UniT3/QuarticSpeedupK-XOR/z_Daphne/data/final_problem_set/kxor_instance_n20_k2_m169_ell2_eps0.15_kappa0.875_rho0.0.npz,/Users/julian/CodingProjects/UniT3/QuarticSpeedupK-XOR/logs/final_problem_set/kxor_instance_n20_k2_m169_ell2_eps0.15_kappa0.875_rho0.0.log,20,169,False,20,0.1952662721893491,,
/Users/julian/CodingProjects/UniT3/QuarticSpeedupK-XOR/z_Daphne/data/final_problem_set/kxor_instance_n20_k2_m169_ell2_eps0.15_kappa0.875_rho0.2.npz,/Users/julian/CodingProjects/UniT3/QuarticSpeedupK-XOR/logs/final_problem_set/kxor_instance_n20_k2_m169_ell2_eps0.15_kappa0.875_rho0.2.log,20,169,False,20,0.26627218934911245,0.3,0.4
/Users/julian/CodingProjects/UniT3/QuarticSpeedupK-XOR/z_Daphne/data/final_problem_set/kxor_instance_n20_k2_m169_ell2_eps0.15_kappa0.875_rho0.4.npz,/Users/julian/CodingProjects/UniT3/QuarticSpeedupK-XOR/logs/final_problem_set/kxor_instance_n20_k2_m169_ell2_eps0.15_kappa0.875_rho0.4.log,20,169,False,20,0.3609467455621302,0.1,0.8
/Users/julian/CodingProjects/UniT3/QuarticSpeedupK-XOR/z_Daphne/data/final_problem_set/kxor_instance_n20_k2_m169_ell2_eps0.15_kappa0.875_rho0.6.npz,/Users/julian/CodingProjects/UniT3/QuarticSpeedupK-XOR/logs/final_problem_set/kxor_instance_n20_k2_m169_ell2_eps0.15_kappa0.875_rho0.6.log,20,169,False,20,0.5029585798816568,0.1,0.8
/Users/julian/CodingProjects/UniT3/QuarticSpeedupK-XOR/z_Daphne/data/final_problem_set/kxor_instance_n20_k2_m169_ell2_eps0.15_kappa0.875_rho0.8.npz,/Users/julian/CodingProjects/UniT3/QuarticSpeedupK-XOR/logs/final_problem_set/kxor_instance_n20_k2_m169_ell2_eps0.15_kappa0.875_rho0.8.log,20,169,False,20,0.7514792899408284,0.0,1.0
/Users/julian/CodingProjects/UniT3/QuarticSpeedupK-XOR/z_Daphne/data/final_problem_set/kxor_instance_n20_k2_m169_ell2_eps0.15_kappa0.875_rho1.0.npz,/Users/julian/CodingProjects/UniT3/QuarticSpeedupK-XOR/logs/final_problem_set/kxor_instance_n20_k2_m169_ell2_eps0.15_kappa0.875_rho1.0.log,20,169,False,20,1.0,0.0,1.0
/Users/julian/CodingProjects/UniT3/QuarticSpeedupK-XOR/z_Daphne/data/final_problem_set/kxor_instance_n20_k2_m177_ell2_eps0.2_kappa0.875_rho0.0.npz,/Users/julian/CodingProjects/UniT3/QuarticSpeedupK-XOR/logs/final_problem_set/kxor_instance_n20_k2_m177_ell2_eps0.2_kappa0.875_rho0.0.log,20,177,False,20,0.1864406779661017,,
/Users/julian/CodingProjects/UniT3/QuarticSpeedupK-XOR/z_Daphne/data/final_problem_set/kxor_instance_n20_k2_m177_ell2_eps0.2_kappa0.875_rho0.2.npz,/Users/julian/CodingProjects/UniT3/QuarticSpeedupK-XOR/logs/final_problem_set/kxor_instance_n20_k2_m177_ell2_eps0.2_kappa0.875_rho0.2.log,20,177,False,20,0.3333333333333333,0.2,0.6
/Users/julian/CodingProjects/UniT3/QuarticSpeedupK-XOR/z_Daphne/data/final_problem_set/kxor_instance_n20_k2_m177_ell2_eps0.2_kappa0.875_rho0.4.npz,/Users/julian/CodingProjects/UniT3/QuarticSpeedupK-XOR/logs/final_problem_set/kxor_instance_n20_k2_m177_ell2_eps0.2_kappa0.875_rho0.4.log,20,177,False,20,0.288135593220339,0.15,0.7
/Users/julian/CodingProjects/UniT3/QuarticSpeedupK-XOR/z_Daphne/data/final_problem_set/kxor_instance_n20_k2_m177_ell2_eps0.2_kappa0.875_rho0.6.npz,/Users/julian/CodingProjects/UniT3/QuarticSpeedupK-XOR/logs/final_problem_set/kxor_instance_n20_k2_m177_ell2_eps0.2_kappa0.875_rho0.6.log,20,177,False,20,0.6045197740112994,0.05,0.9
/Users/julian/CodingProjects/UniT3/QuarticSpeedupK-XOR/z_Daphne/data/final_problem_set/kxor_instance_n20_k2_m177_ell2_eps0.2_kappa0.875_rho0.8.npz,/Users/julian/CodingProjects/UniT3/QuarticSpeedupK-XOR/logs/final_problem_set/kxor_instance_n20_k2_m177_ell2_eps0.2_kappa0.875_rho0.8.log,20,177,False,20,0.7966101694915254,0.0,1.0
/Users/julian/CodingProjects/UniT3/QuarticSpeedupK-XOR/z_Daphne/data/final_problem_set/kxor_instance_n20_k2_m177_ell2_eps0.2_kappa0.875_rho1.0.npz,/Users/julian/CodingProjects/UniT3/QuarticSpeedupK-XOR/logs/final_problem_set/kxor_instance_n20_k2_m177_ell2_eps0.2_kappa0.875_rho1.0.log,20,177,False,20,1.0,0.0,1.0
/Users/julian/CodingProjects/UniT3/QuarticSpeedupK-XOR/z_Daphne/data/final_problem_set/kxor_instance_n20_k2_m184_ell2_eps0.25_kappa0.875_rho0.0.npz,/Users/julian/CodingProjects/UniT3/QuarticSpeedupK-XOR/logs/final_problem_set/kxor_instance_n20_k2_m184_ell2_eps0.25_kappa0.875_rho0.0.log,20,184,False,20,0.22826086956521738,,
/Users/julian/CodingProjects/UniT3/QuarticSpeedupK-XOR/z_Daphne/data/final_problem_set/kxor_instance_n20_k2_m184_ell2_eps0.25_kappa0.875_rho0.2.npz,/Users/julian/CodingProjects/UniT3/QuarticSpeedupK-XOR/logs/final_problem_set/kxor_instance_n20_k2_m184_ell2_eps0.25_kappa0.875_rho0.2.log,20,184,False,20,0.29347826086956524,0.5,0.0
/Users/julian/CodingProjects/UniT3/QuarticSpeedupK-XOR/z_Daphne/data/final_problem_set/kxor_instance_n20_k2_m184_ell2_eps0.25_kappa0.875_rho0.4.npz,/Users/julian/CodingProjects/UniT3/QuarticSpeedupK-XOR/logs/final_problem_set/kxor_instance_n20_k2_m184_ell2_eps0.25_kappa0.875_rho0.4.log,20,184,False,20,0.2608695652173913,0.2,0.6
/Users/julian/CodingProjects/UniT3/QuarticSpeedupK-XOR/z_Daphne/data/final_problem_set/kxor_instance_n20_k2_m184_ell2_eps0.25_kappa0.875_rho0.6.npz,/Users/julian/CodingProjects/UniT3/QuarticSpeedupK-XOR/logs/final_problem_set/kxor_instance_n20_k2_m184_ell2_eps0.25_kappa0.875_rho0.6.log,20,184,False,20,0.5217391304347826,0.0,1.0
/Users/julian/CodingProjects/UniT3/QuarticSpeedupK-XOR/z_Daphne/data/final_problem_set/kxor_instance_n20_k2_m184_ell2_eps0.25_kappa0.875_rho0.8.npz,/Users/julian/CodingProjects/UniT3/QuarticSpeedupK-XOR/logs/final_problem_set/kxor_instance_n20_k2_m184_ell2_eps0.25_kappa0.875_rho0.8.log,20,184,False,20,0.7934782608695652,0.0,1.0
/Users/julian/CodingProjects/UniT3/QuarticSpeedupK-XOR/z_Daphne/data/final_problem_set/kxor_instance_n20_k2_m184_ell2_eps0.25_kappa0.875_rho1.0.npz,/Users/julian/CodingProjects/UniT3/QuarticSpeedupK-XOR/logs/final_problem_set/kxor_instance_n20_k2_m184_ell2_eps0.25_kappa0.875_rho1.0.log,20,184,False,20,1.0,0.0,1.0
/Users/julian/CodingProjects/UniT3/QuarticSpeedupK-XOR/z_Daphne/data/final_problem_set/kxor_instance_n20_k2_m191_ell2_eps0.3_kappa0.875_rho0.0.npz,/Users/julian/CodingProjects/UniT3/QuarticSpeedupK-XOR/logs/final_problem_set/kxor_instance_n20_k2_m191_ell2_eps0.3_kappa0.875_rho0.0.log,20,191,False,20,0.29842931937172773,,
/Users/julian/CodingProjects/UniT3/QuarticSpeedupK-XOR/z_Daphne/data/final_problem_set/kxor_instance_n20_k2_m191_ell2_eps0.3_kappa0.875_rho0.2.npz,/Users/julian/CodingProjects/UniT3/QuarticSpeedupK-XOR/logs/final_problem_set/kxor_instance_n20_k2_m191_ell2_eps0.3_kappa0.875_rho0.2.log,20,191,False,20,0.193717277486911,0.4,0.2
/Users/julian/CodingProjects/UniT3/QuarticSpeedupK-XOR/z_Daphne/data/final_problem_set/kxor_instance_n20_k2_m191_ell2_eps0.3_kappa0.875_rho0.4.npz,/Users/julian/CodingProjects/UniT3/QuarticSpeedupK-XOR/logs/final_problem_set/kxor_instance_n20_k2_m191_ell2_eps0.3_kappa0.875_rho0.4.log,20,191,False,20,0.39267015706806285,0.1,0.8
/Users/julian/CodingProjects/UniT3/QuarticSpeedupK-XOR/z_Daphne/data/final_problem_set/kxor_instance_n20_k2_m191_ell2_eps0.3_kappa0.875_rho0.6.npz,/Users/julian/CodingProjects/UniT3/QuarticSpeedupK-XOR/logs/final_problem_set/kxor_instance_n20_k2_m191_ell2_eps0.3_kappa0.875_rho0.6.log,20,191,False,20,0.4973821989528796,0.05,0.9
/Users/julian/CodingProjects/UniT3/QuarticSpeedupK-XOR/z_Daphne/data/final_problem_set/kxor_instance_n20_k2_m191_ell2_eps0.3_kappa0.875_rho0.8.npz,/Users/julian/CodingProjects/UniT3/QuarticSpeedupK-XOR/logs/final_problem_set/kxor_instance_n20_k2_m191_ell2_eps0.3_kappa0.875_rho0.8.log,20,191,False,20,0.7591623036649214,0.0,1.0
/Users/julian/CodingProjects/UniT3/QuarticSpeedupK-XOR/z_Daphne/data/final_problem_set/kxor_instance_n20_k2_m191_ell2_eps0.3_kappa0.875_rho1.0.npz,/Users/julian/CodingProjects/UniT3/QuarticSpeedupK-XOR/logs/final_problem_set/kxor_instance_n20_k2_m191_ell2_eps0.3_kappa0.875_rho1.0.log,20,191,False,20,1.0,0.0,1.0
/Users/julian/CodingProjects/UniT3/QuarticSpeedupK-XOR/z_Daphne/data/final_problem_set/kxor_instance_n20_k2_m215_ell2_eps0.15_kappa0.75_rho0.0.npz,/Users/julian/CodingProjects/UniT3/QuarticSpeedupK-XOR/logs/final_problem_set/kxor_instance_n20_k2_m215_ell2_eps0.15_kappa0.75_rho0.0.log,20,215,False,20,0.2651162790697674,,
/Users/julian/CodingProjects/UniT3/QuarticSpeedupK-XOR/z_Daphne/data/final_problem_set/kxor_instance_n20_k2_m215_ell2_eps0.15_kappa0.75_rho0.2.npz,/Users/julian/CodingProjects/UniT3/QuarticSpeedupK-XOR/logs/final_problem_set/kxor_instance_n20_k2_m215_ell2_eps0.15_kappa0.75_rho0.2.log,20,215,False,20,0.3023255813953488,0.3,0.4
/Users/julian/CodingProjects/UniT3/QuarticSpeedupK-XOR/z_Daphne/data/final_problem_set/kxor_instance_n20_k2_m215_ell2_eps0.15_kappa0.75_rho0.4.npz,/Users/julian/CodingProjects/UniT3/QuarticSpeedupK-XOR/logs/final_problem_set/kxor_instance_n20_k2_m215_ell2_eps0.15_kappa0.75_rho0.4.log,20,215,False,20,0.3488372093023256,0.15,0.7
/Users/julian/CodingProjects/UniT3/QuarticSpeedupK-XOR/z_Daphne/data/final_problem_set/kxor_instance_n20_k2_m215_ell2_eps0.15_kappa0.75_rho0.6.npz,/Users/julian/CodingProjects/UniT3/QuarticSpeedupK-XOR/logs/final_problem_set/kxor_instance_n20_k2_m215_ell2_eps0.15_kappa0.75_rho0.6.log,20,215,False,20,0.5906976744186047,0.0,1.0
/Users/julian/CodingProjects/UniT3/QuarticSpeedupK-XOR/z_Daphne/data/final_problem_set/kxor_instance_n20_k2_m215_ell2_eps0.15_kappa0.75_rho0.8.npz,/Users/julian/CodingProjects/UniT3/QuarticSpeedupK-XOR/logs/final_problem_set/kxor_instance_n20_k2_m215_ell2_eps0.15_kappa0.75_rho0.8.log,20,215,False,20,0.786046511627907,0.0,1.0
/Users/julian/CodingProjects/UniT3/QuarticSpeedupK-XOR/z_Daphne/data/final_problem_set/kxor_instance_n20_k2_m215_ell2_eps0.15_kappa0.75_rho1.0.npz,/Users/julian/CodingProjects/UniT3/QuarticSpeedupK-XOR/logs/final_problem_set/kxor_instance_n20_k2_m215_ell2_eps0.15_kappa0.75_rho1.0.log,20,215,False,20,1.0,0.0,1.0
/Users/julian/CodingProjects/UniT3/QuarticSpeedupK-XOR/z_Daphne/data/final_problem_set/kxor_instance_n20_k2_m224_ell2_eps0.2_kappa0.75_rho0.0.npz,/Users/julian/CodingProjects/UniT3/QuarticSpeedupK-XOR/logs/final_problem_set/kxor_instance_n20_k2_m224_ell2_eps0.2_kappa0.75_rho0.0.log,20,224,False,20,0.23214285714285715,,
/Users/julian/CodingProjects/UniT3/QuarticSpeedupK-XOR/z_Daphne/data/final_problem_set/kxor_instance_n20_k2_m224_ell2_eps0.2_kappa0.75_rho0.2.npz,/Users/julian/CodingProjects/UniT3/QuarticSpeedupK-XOR/logs/final_problem_set/kxor_instance_n20_k2_m224_ell2_eps0.2_kappa0.75_rho0.2.log,20,224,False,20,0.25,0.15,0.7
/Users/julian/CodingProjects/UniT3/QuarticSpeedupK-XOR/z_Daphne/data/final_problem_set/kxor_instance_n20_k2_m224_ell2_eps0.2_kappa0.75_rho0.4.npz,/Users/julian/CodingProjects/UniT3/QuarticSpeedupK-XOR/logs/final_problem_set/kxor_instance_n20_k2_m224_ell2_eps0.2_kappa0.75_rho0.4.log,20,224,False,20,0.39285714285714285,0.0,1.0
/Users/julian/CodingProjects/UniT3/QuarticSpeedupK-XOR/z_Daphne/data/final_problem_set/kxor_instance_n20_k2_m224_ell2_eps0.2_kappa0.75_rho0.6.npz,/Users/julian/CodingProjects/UniT3/QuarticSpeedupK-XOR/logs/final_problem_set/kxor_instance_n20_k2_m224_ell2_eps0.2_kappa0.75_rho0.6.log,20,224,False,20,0.5357142857142857,0.0,1.0
/Users/julian/CodingProjects/UniT3/QuarticSpeedupK-XOR/z_Daphne/data/final_problem_set/kxor_instance_n20_k2_m224_ell2_eps0.2_kappa0.75_rho0.8.npz,/Users/julian/CodingProjects/UniT3/QuarticSpeedupK-XOR/logs/final_problem_set/kxor_instance_n20_k2_m224_ell2_eps0.2_kappa0.75_rho0.8.log,20,224,False,20,0.875,0.0,1.0
/Users/julian/CodingProjects/UniT3/QuarticSpeedupK-XOR/z_Daphne/data/final_problem_set/kxor_instance_n20_k2_m224_ell2_eps0.2_kappa0.75_rho1.0.npz,/Users/julian/CodingProjects/UniT3/QuarticSpeedupK-XOR/logs/final_problem_set/kxor_instance_n20_k2_m224_ell2_eps0.2_kappa0.75_rho1.0.log,20,224,False,20,1.0,0.0,1.0
/Users/julian/CodingProjects/UniT3/QuarticSpeedupK-XOR/z_Daphne/data/final_problem_set/kxor_instance_n20_k2_m234_ell2_eps0.25_kappa0.75_rho0.0.npz,/Users/julian/CodingProjects/UniT3/QuarticSpeedupK-XOR/logs/final_problem_set/kxor_instance_n20_k2_m234_ell2_eps0.25_kappa0.75_rho0.0.log,20,234,False,20,0.19658119658119658,,
/Users/julian/CodingProjects/UniT3/QuarticSpeedupK-XOR/z_Daphne/data/final_problem_set/kxor_instance_n20_k2_m234_ell2_eps0.25_kappa0.75_rho0.2.npz,/Users/julian/CodingProjects/UniT3/QuarticSpeedupK-XOR/logs/final_problem_set/kxor_instance_n20_k2_m234_ell2_eps0.25_kappa0.75_rho0.2.log,20,234,False,20,0.23931623931623933,0.3,0.4
/Users/julian/CodingProjects/UniT3/QuarticSpeedupK-XOR/z_Daphne/data/final_problem_set/kxor_instance_n20_k2_m234_ell2_eps0.25_kappa0.75_rho0.4.npz,/Users/julian/CodingProjects/UniT3/QuarticSpeedupK-XOR/logs/final_problem_set/kxor_instance_n20_k2_m234_ell2_eps0.25_kappa0.75_rho0.4.log,20,234,False,20,0.48717948717948717,0.1,0.8
/Users/julian/CodingProjects/UniT3/QuarticSpeedupK-XOR/z_Daphne/data/final_problem_set/kxor_instance_n20_k2_m234_ell2_eps0.25_kappa0.75_rho0.6.npz,/Users/julian/CodingProjects/UniT3/QuarticSpeedupK-XOR/logs/final_problem_set/kxor_instance_n20_k2_m234_ell2_eps0.25_kappa0.75_rho0.6.log,20,234,False,20,0.5213675213675214,0.05,0.9
/Users/julian/CodingProjects/UniT3/QuarticSpeedupK-XOR/z_Daphne/data/final_problem_set/kxor_instance_n20_k2_m234_ell2_eps0.25_kappa0.75_rho0.8.npz,/Users/julian/CodingProjects/UniT3/QuarticSpeedupK-XOR/logs/final_problem_set/kxor_instance_n20_k2_m234_ell2_eps0.25_kappa0.75_rho0.8.log,20,234,False,20,0.8205128205128205,0.0,1.0
/Users/julian/CodingProjects/UniT3/QuarticSpeedupK-XOR/z_Daphne/data/final_problem_set/kxor_instance_n20_k2_m234_ell2_eps0.25_kappa0.75_rho1.0.npz,/Users/julian/CodingProjects/UniT3/QuarticSpeedupK-XOR/logs/final_problem_set/kxor_instance_n20_k2_m234_ell2_eps0.25_kappa0.75_rho1.0.log,20,234,False,20,1.0,0.0,1.0
/Users/julian/CodingProjects/UniT3/QuarticSpeedupK-XOR/z_Daphne/data/final_problem_set/kxor_instance_n21_k2_m148_ell2_eps0.15_kappa1.0_rho0.0.npz,/Users/julian/CodingProjects/UniT3/QuarticSpeedupK-XOR/logs/final_problem_set/kxor_instance_n21_k2_m148_ell2_eps0.15_kappa1.0_rho0.0.log,21,148,False,21,0.21621621621621623,,
/Users/julian/CodingProjects/UniT3/QuarticSpeedupK-XOR/z_Daphne/data/final_problem_set/kxor_instance_n21_k2_m148_ell2_eps0.15_kappa1.0_rho0.2.npz,/Users/julian/CodingProjects/UniT3/QuarticSpeedupK-XOR/logs/final_problem_set/kxor_instance_n21_k2_m148_ell2_eps0.15_kappa1.0_rho0.2.log,21,148,False,21,0.3783783783783784,0.14285714285714285,0.7142857142857143
/Users/julian/CodingProjects/UniT3/QuarticSpeedupK-XOR/z_Daphne/data/final_problem_set/kxor_instance_n21_k2_m148_ell2_eps0.15_kappa1.0_rho0.4.npz,/Users/julian/CodingProjects/UniT3/QuarticSpeedupK-XOR/logs/final_problem_set/kxor_instance_n21_k2_m148_ell2_eps0.15_kappa1.0_rho0.4.log,21,148,False,21,0.44594594594594594,0.047619047619047616,0.9047619047619048
/Users/julian/CodingProjects/UniT3/QuarticSpeedupK-XOR/z_Daphne/data/final_problem_set/kxor_instance_n21_k2_m148_ell2_eps0.15_kappa1.0_rho0.6.npz,/Users/julian/CodingProjects/UniT3/QuarticSpeedupK-XOR/logs/final_problem_set/kxor_instance_n21_k2_m148_ell2_eps0.15_kappa1.0_rho0.6.log,21,148,False,21,0.5540540540540541,0.0,1.0
/Users/julian/CodingProjects/UniT3/QuarticSpeedupK-XOR/z_Daphne/data/final_problem_set/kxor_instance_n21_k2_m148_ell2_eps0.15_kappa1.0_rho0.8.npz,/Users/julian/CodingProjects/UniT3/QuarticSpeedupK-XOR/logs/final_problem_set/kxor_instance_n21_k2_m148_ell2_eps0.15_kappa1.0_rho0.8.log,21,148,False,21,0.8108108108108109,0.0,1.0
/Users/julian/CodingProjects/UniT3/QuarticSpeedupK-XOR/z_Daphne/data/final_problem_set/kxor_instance_n21_k2_m148_ell2_eps0.15_kappa1.0_rho1.0.npz,/Users/julian/CodingProjects/UniT3/QuarticSpeedupK-XOR/logs/final_problem_set/kxor_instance_n21_k2_m148_ell2_eps0.15_kappa1.0_rho1.0.log,21,148,False,21,1.0,0.0,1.0
/Users/julian/CodingProjects/UniT3/QuarticSpeedupK-XOR/z_Daphne/data/final_problem_set/kxor_instance_n21_k2_m154_ell2_eps0.2_kappa1.0_rho0.0.npz,/Users/julian/CodingProjects/UniT3/QuarticSpeedupK-XOR/logs/final_problem_set/kxor_instance_n21_k2_m154_ell2_eps0.2_kappa1.0_rho0.0.log,21,154,False,21,0.3246753246753247,,
/Users/julian/CodingProjects/UniT3/QuarticSpeedupK-XOR/z_Daphne/data/final_problem_set/kxor_instance_n21_k2_m154_ell2_eps0.2_kappa1.0_rho0.2.npz,/Users/julian/CodingProjects/UniT3/QuarticSpeedupK-XOR/logs/final_problem_set/kxor_instance_n21_k2_m154_ell2_eps0.2_kappa1.0_rho0.2.log,21,154,False,21,0.19480519480519481,0.38095238095238093,0.23809523809523808
/Users/julian/CodingProjects/UniT3/QuarticSpeedupK-XOR/z_Daphne/data/final_problem_set/kxor_instance_n21_k2_m154_ell2_eps0.2_kappa1.0_rho0.4.npz,/Users/julian/CodingProjects/UniT3/QuarticSpeedupK-XOR/logs/final_problem_set/kxor_instance_n21_k2_m154_ell2_eps0.2_kappa1.0_rho0.4.log,21,154,False,21,0.22077922077922077,0.2857142857142857,0.42857142857142855
/Users/julian/CodingProjects/UniT3/QuarticSpeedupK-XOR/z_Daphne/data/final_problem_set/kxor_instance_n21_k2_m154_ell2_eps0.2_kappa1.0_rho0.6.npz,/Users/julian/CodingProjects/UniT3/QuarticSpeedupK-XOR/logs/final_problem_set/kxor_instance_n21_k2_m154_ell2_eps0.2_kappa1.0_rho0.6.log,21,154,False,21,0.4155844155844156,0.14285714285714285,0.7142857142857143
/Users/julian/CodingProjects/UniT3/QuarticSpeedupK-XOR/z_Daphne/data/final_problem_set/kxor_instance_n21_k2_m154_ell2_eps0.2_kappa1.0_rho0.8.npz,/Users/julian/CodingProjects/UniT3/QuarticSpeedupK-XOR/logs/final_problem_set/kxor_instance_n21_k2_m154_ell2_eps0.2_kappa1.0_rho0.8.log,21,154,False,21,0.7012987012987013,0.0,1.0
/Users/julian/CodingProjects/UniT3/QuarticSpeedupK-XOR/z_Daphne/data/final_problem_set/kxor_instance_n21_k2_m154_ell2_eps0.2_kappa1.0_rho1.0.npz,/Users/julian/CodingProjects/UniT3/QuarticSpeedupK-XOR/logs/final_problem_set/kxor_instance_n21_k2_m154_ell2_eps0.2_kappa1.0_rho1.0.log,21,154,False,21,1.0,0.0,1.0
/Users/julian/CodingProjects/UniT3/QuarticSpeedupK-XOR/z_Daphne/data/final_problem_set/kxor_instance_n21_k2_m160_ell2_eps0.25_kappa1.0_rho0.0.npz,/Users/julian/CodingProjects/UniT3/QuarticSpeedupK-XOR/logs/final_problem_set/kxor_instance_n21_k2_m160_ell2_eps0.25_kappa1.0_rho0.0.log,21,160,False,21,0.3125,,
/Users/julian/CodingProjects/UniT3/QuarticSpeedupK-XOR/z_Daphne/data/final_problem_set/kxor_instance_n21_k2_m160_ell2_eps0.25_kappa1.0_rho0.2.npz,/Users/julian/CodingProjects/UniT3/QuarticSpeedupK-XOR/logs/final_problem_set/kxor_instance_n21_k2_m160_ell2_eps0.25_kappa1.0_rho0.2.log,21,160,False,21,0.275,0.47619047619047616,0.047619047619047616
/Users/julian/CodingProjects/UniT3/QuarticSpeedupK-XOR/z_Daphne/data/final_problem_set/kxor_instance_n21_k2_m160_ell2_eps0.25_kappa1.0_rho0.4.npz,/Users/julian/CodingProjects/UniT3/QuarticSpeedupK-XOR/logs/final_problem_set/kxor_instance_n21_k2_m160_ell2_eps0.25_kappa1.0_rho0.4.log,21,160,False,21,0.425,0.14285714285714285,0.7142857142857143
/Users/julian/CodingProjects/UniT3/QuarticSpeedupK-XOR/z_Daphne/data/final_problem_set/kxor_instance_n21_k2_m160_ell2_eps0.25_kappa1.0_rho0.6.npz,/Users/julian/CodingProjects/UniT3/QuarticSpeedupK-XOR/logs/final_problem_set/kxor_instance_n21_k2_m160_ell2_eps0.25_kappa1.0_rho0.6.log,21,160,False,21,0.5125,0.047619047619047616,0.9047619047619048
/Users/julian/CodingProjects/UniT3/QuarticSpeedupK-XOR/z_Daphne/data/final_problem_set/kxor_instance_n21_k2_m160_ell2_eps0.25_kappa1.0_rho0.8.npz,/Users/julian/CodingProjects/UniT3/QuarticSpeedupK-XOR/logs/final_problem_set/kxor_instance_n21_k2_m160_ell2_eps0.25_kappa1.0_rho0.8.log,21,160,False,21,0.775,0.0,1.0
/Users/julian/CodingProjects/UniT3/QuarticSpeedupK-XOR/z_Daphne/data/final_problem_set/kxor_instance_n21_k2_m160_ell2_eps0.25_kappa1.0_rho1.0.npz,/Users/julian/CodingProjects/UniT3/QuarticSpeedupK-XOR/logs/final_problem_set/kxor_instance_n21_k2_m160_ell2_eps0.25_kappa1.0_rho1.0.log,21,160,False,21,1.0,0.0,1.0
/Users/julian/CodingProjects/UniT3/QuarticSpeedupK-XOR/z_Daphne/data/final_problem_set/kxor_instance_n21_k2_m167_ell2_eps0.3_kappa1.0_rho0.0.npz,/Users/julian/CodingProjects/UniT3/QuarticSpeedupK-XOR/logs/final_problem_set/kxor_instance_n21_k2_m167_ell2_eps0.3_kappa1.0_rho0.0.log,21,167,False,21,0.2934131736526946,,
/Users/julian/CodingProjects/UniT3/QuarticSpeedupK-XOR/z_Daphne/data/final_problem_set/kxor_instance_n21_k2_m167_ell2_eps0.3_kappa1.0_rho0.2.npz,/Users/julian/CodingProjects/UniT3/QuarticSpeedupK-XOR/logs/final_problem_set/kxor_instance_n21_k2_m167_ell2_eps0.3_kappa1.0_rho0.2.log,21,167,False,21,0.2694610778443114,0.23809523809523808,0.5238095238095238
/Users/julian/CodingProjects/UniT3/QuarticSpeedupK-XOR/z_Daphne/data/final_problem_set/kxor_instance_n21_k2_m167_ell2_eps0.3_kappa1.0_rho0.4.npz,/Users/julian/CodingProjects/UniT3/QuarticSpeedupK-XOR/logs/final_problem_set/kxor_instance_n21_k2_m167_ell2_eps0.3_kappa1.0_rho0.4.log,21,167,False,21,0.6167664670658682,0.0,1.0
/Users/julian/CodingProjects/UniT3/QuarticSpeedupK-XOR/z_Daphne/data/final_problem_set/kxor_instance_n21_k2_m167_ell2_eps0.3_kappa1.0_rho0.6.npz,/Users/julian/CodingProjects/UniT3/QuarticSpeedupK-XOR/logs/final_problem_set/kxor_instance_n21_k2_m167_ell2_eps0.3_kappa1.0_rho0.6.log,21,167,False,21,0.6526946107784432,0.0,1.0
/Users/julian/CodingProjects/UniT3/QuarticSpeedupK-XOR/z_Daphne/data/final_problem_set/kxor_instance_n21_k2_m167_ell2_eps0.3_kappa1.0_rho0.8.npz,/Users/julian/CodingProjects/UniT3/QuarticSpeedupK-XOR/logs/final_problem_set/kxor_instance_n21_k2_m167_ell2_eps0.3_kappa1.0_rho0.8.log,21,167,False,21,0.8203592814371258,0.0,1.0
/Users/julian/CodingProjects/UniT3/QuarticSpeedupK-XOR/z_Daphne/data/final_problem_set/kxor_instance_n21_k2_m167_ell2_eps0.3_kappa1.0_rho1.0.npz,/Users/julian/CodingProjects/UniT3/QuarticSpeedupK-XOR/logs/final_problem_set/kxor_instance_n21_k2_m167_ell2_eps0.3_kappa1.0_rho1.0.log,21,167,False,21,1.0,0.0,1.0
/Users/julian/CodingProjects/UniT3/QuarticSpeedupK-XOR/z_Daphne/data/final_problem_set/kxor_instance_n21_k2_m181_ell2_eps0.15_kappa0.875_rho0.0.npz,/Users/julian/CodingProjects/UniT3/QuarticSpeedupK-XOR/logs/final_problem_set/kxor_instance_n21_k2_m181_ell2_eps0.15_kappa0.875_rho0.0.log,21,181,False,21,0.23756906077348067,,
/Users/julian/CodingProjects/UniT3/QuarticSpeedupK-XOR/z_Daphne/data/final_problem_set/kxor_instance_n21_k2_m181_ell2_eps0.15_kappa0.875_rho0.2.npz,/Users/julian/CodingProjects/UniT3/QuarticSpeedupK-XOR/logs/final_problem_set/kxor_instance_n21_k2_m181_ell2_eps0.15_kappa0.875_rho0.2.log,21,181,False,21,0.1712707182320442,0.47619047619047616,0.047619047619047616
/Users/julian/CodingProjects/UniT3/QuarticSpeedupK-XOR/z_Daphne/data/final_problem_set/kxor_instance_n21_k2_m181_ell2_eps0.15_kappa0.875_rho0.4.npz,/Users/julian/CodingProjects/UniT3/QuarticSpeedupK-XOR/logs/final_problem_set/kxor_instance_n21_k2_m181_ell2_eps0.15_kappa0.875_rho0.4.log,21,181,False,21,0.3812154696132597,0.09523809523809523,0.8095238095238095
/Users/julian/CodingProjects/UniT3/QuarticSpeedupK-XOR/z_Daphne/data/final_problem_set/kxor_instance_n21_k2_m181_ell2_eps0.15_kappa0.875_rho0.6.npz,/Users/julian/CodingProjects/UniT3/QuarticSpeedupK-XOR/logs/final_problem_set/kxor_instance_n21_k2_m181_ell2_eps0.15_kappa0.875_rho0.6.log,21,181,False,21,0.49171270718232046,0.047619047619047616,0.9047619047619048
/Users/julian/CodingProjects/UniT3/QuarticSpeedupK-XOR/z_Daphne/data/final_problem_set/kxor_instance_n21_k2_m181_ell2_eps0.15_kappa0.875_rho0.8.npz,/Users/julian/CodingProjects/UniT3/QuarticSpeedupK-XOR/logs/final_problem_set/kxor_instance_n21_k2_m181_ell2_eps0.15_kappa0.875_rho0.8.log,21,181,False,21,0.8011049723756906,0.0,1.0
/Users/julian/CodingProjects/UniT3/QuarticSpeedupK-XOR/z_Daphne/data/final_problem_set/kxor_instance_n21_k2_m181_ell2_eps0.15_kappa0.875_rho1.0.npz,/Users/julian/CodingProjects/UniT3/QuarticSpeedupK-XOR/logs/final_problem_set/kxor_instance_n21_k2_m181_ell2_eps0.15_kappa0.875_rho1.0.log,21,181,False,21,1.0,0.0,1.0
/Users/julian/CodingProjects/UniT3/QuarticSpeedupK-XOR/z_Daphne/data/final_problem_set/kxor_instance_n21_k2_m188_ell2_eps0.2_kappa0.875_rho0.0.npz,/Users/julian/CodingProjects/UniT3/QuarticSpeedupK-XOR/logs/final_problem_set/kxor_instance_n21_k2_m188_ell2_eps0.2_kappa0.875_rho0.0.log,21,188,False,21,0.2553191489361702,,
/Users/julian/CodingProjects/UniT3/QuarticSpeedupK-XOR/z_Daphne/data/final_problem_set/kxor_instance_n21_k2_m188_ell2_eps0.2_kappa0.875_rho0.2.npz,/Users/julian/CodingProjects/UniT3/QuarticSpeedupK-XOR/logs/final_problem_set/kxor_instance_n21_k2_m188_ell2_eps0.2_kappa0.875_rho0.2.log,21,188,False,21,0.3191489361702128,0.14285714285714285,0.7142857142857143
/Users/julian/CodingProjects/UniT3/QuarticSpeedupK-XOR/z_Daphne/data/final_problem_set/kxor_instance_n21_k2_m188_ell2_eps0.2_kappa0.875_rho0.4.npz,/Users/julian/CodingProjects/UniT3/QuarticSpeedupK-XOR/logs/final_problem_set/kxor_instance_n21_k2_m188_ell2_eps0.2_kappa0.875_rho0.4.log,21,188,False,21,0.30851063829787234,0.14285714285714285,0.7142857142857143
/Users/julian/CodingProjects/UniT3/QuarticSpeedupK-XOR/z_Daphne/data/final_problem_set/kxor_instance_n21_k2_m188_ell2_eps0.2_kappa0.875_rho0.6.npz,/Users/julian/CodingProjects/UniT3/QuarticSpeedupK-XOR/logs/final_problem_set/kxor_instance_n21_k2_m188_ell2_eps0.2_kappa0.875_rho0.6.log,21,188,False,21,0.7340425531914894,0.0,1.0
/Users/julian/CodingProjects/UniT3/QuarticSpeedupK-XOR/z_Daphne/data/final_problem_set/kxor_instance_n21_k2_m188_ell2_eps0.2_kappa0.875_rho0.8.npz,/Users/julian/CodingProjects/UniT3/QuarticSpeedupK-XOR/logs/final_problem_set/kxor_instance_n21_k2_m188_ell2_eps0.2_kappa0.875_rho0.8.log,21,188,False,21,0.7872340425531915,0.0,1.0
/Users/julian/CodingProjects/UniT3/QuarticSpeedupK-XOR/z_Daphne/data/final_problem_set/kxor_instance_n21_k2_m188_ell2_eps0.2_kappa0.875_rho1.0.npz,/Users/julian/CodingProjects/UniT3/QuarticSpeedupK-XOR/logs/final_problem_set/kxor_instance_n21_k2_m188_ell2_eps0.2_kappa0.875_rho1.0.log,21,188,False,21,1.0,0.0,1.0
/Users/julian/CodingProjects/UniT3/QuarticSpeedupK-XOR/z_Daphne/data/final_problem_set/kxor_instance_n21_k2_m196_ell2_eps0.25_kappa0.875_rho0.0.npz,/Users/julian/CodingProjects/UniT3/QuarticSpeedupK-XOR/logs/final_problem_set/kxor_instance_n21_k2_m196_ell2_eps0.25_kappa0.875_rho0.0.log,21,196,False,21,0.10204081632653061,,
/Users/julian/CodingProjects/UniT3/QuarticSpeedupK-XOR/z_Daphne/data/final_problem_set/kxor_instance_n21_k2_m196_ell2_eps0.25_kappa0.875_rho0.2.npz,/Users/julian/CodingProjects/UniT3/QuarticSpeedupK-XOR/logs/final_problem_set/kxor_instance_n21_k2_m196_ell2_eps0.25_kappa0.875_rho0.2.log,21,196,False,21,0.3979591836734694,0.38095238095238093,0.23809523809523808
/Users/julian/CodingProjects/UniT3/QuarticSpeedupK-XOR/z_Daphne/data/final_problem_set/kxor_instance_n21_k2_m196_ell2_eps0.25_kappa0.875_rho0.4.npz,/Users/julian/CodingProjects/UniT3/QuarticSpeedupK-XOR/logs/final_problem_set/kxor_instance_n21_k2_m196_ell2_eps0.25_kappa0.875_rho0.4.log,21,196,False,21,0.23469387755102042,0.2857142857142857,0.42857142857142855
/Users/julian/CodingProjects/UniT3/QuarticSpeedupK-XOR/z_Daphne/data/final_problem_set/kxor_instance_n21_k2_m196_ell2_eps0.25_kappa0.875_rho0.6.npz,/Users/julian/CodingProjects/UniT3/QuarticSpeedupK-XOR/logs/final_problem_set/kxor_instance_n21_k2_m196_ell2_eps0.25_kappa0.875_rho0.6.log,21,196,False,21,0.5510204081632653,0.047619047619047616,0.9047619047619048
/Users/julian/CodingProjects/UniT3/QuarticSpeedupK-XOR/z_Daphne/data/final_problem_set/kxor_instance_n21_k2_m196_ell2_eps0.25_kappa0.875_rho0.8.npz,/Users/julian/CodingProjects/UniT3/QuarticSpeedupK-XOR/logs/final_problem_set/kxor_instance_n21_k2_m196_ell2_eps0.25_kappa0.875_rho0.8.log,21,196,False,21,0.8061224489795918,0.0,1.0
/Users/julian/CodingProjects/UniT3/QuarticSpeedupK-XOR/z_Daphne/data/final_problem_set/kxor_instance_n21_k2_m196_ell2_eps0.25_kappa0.875_rho1.0.npz,/Users/julian/CodingProjects/UniT3/QuarticSpeedupK-XOR/logs/final_problem_set/kxor_instance_n21_k2_m196_ell2_eps0.25_kappa0.875_rho1.0.log,21,196,False,21,1.0,0.0,1.0
/Users/julian/CodingProjects/UniT3/QuarticSpeedupK-XOR/z_Daphne/data/final_problem_set/kxor_instance_n21_k2_m204_ell2_eps0.3_kappa0.875_rho0.0.npz,/Users/julian/CodingProjects/UniT3/QuarticSpeedupK-XOR/logs/final_problem_set/kxor_instance_n21_k2_m204_ell2_eps0.3_kappa0.875_rho0.0.log,21,204,False,21,0.2549019607843137,,
/Users/julian/CodingProjects/UniT3/QuarticSpeedupK-XOR/z_Daphne/data/final_problem_set/kxor_instance_n21_k2_m204_ell2_eps0.3_kappa0.875_rho0.2.npz,/Users/julian/CodingProjects/UniT3/QuarticSpeedupK-XOR/logs/final_problem_set/kxor_instance_n21_k2_m204_ell2_eps0.3_kappa0.875_rho0.2.log,21,204,False,21,0.16666666666666666,0.47619047619047616,0.047619047619047616
/Users/julian/CodingProjects/UniT3/QuarticSpeedupK-XOR/z_Daphne/data/final_problem_set/kxor_instance_n21_k2_m204_ell2_eps0.3_kappa0.875_rho0.4.npz,/Users/julian/CodingProjects/UniT3/QuarticSpeedupK-XOR/logs/final_problem_set/kxor_instance_n21_k2_m204_ell2_eps0.3_kappa0.875_rho0.4.log,21,204,False,21,0.45098039215686275,0.047619047619047616,0.9047619047619048
/Users/julian/CodingProjects/UniT3/QuarticSpeedupK-XOR/z_Daphne/data/final_problem_set/kxor_instance_n21_k2_m204_ell2_eps0.3_kappa0.875_rho0.6.npz,/Users/julian/CodingProjects/UniT3/QuarticSpeedupK-XOR/logs/final_problem_set/kxor_instance_n21_k2_m204_ell2_eps0.3_kappa0.875_rho0.6.log,21,204,False,21,0.5784313725490197,0.047619047619047616,0.9047619047619048
/Users/julian/CodingProjects/UniT3/QuarticSpeedupK-XOR/z_Daphne/data/final_problem_set/kxor_instance_n21_k2_m204_ell2_eps0.3_kappa0.875_rho0.8.npz,/Users/julian/CodingProjects/UniT3/QuarticSpeedupK-XOR/logs/final_problem_set/kxor_instance_n21_k2_m204_ell2_eps0.3_kappa0.875_rho0.8.log,21,204,False,21,0.8333333333333334,0.0,1.0
/Users/julian/CodingProjects/UniT3/QuarticSpeedupK-XOR/z_Daphne/data/final_problem_set/kxor_instance_n21_k2_m204_ell2_eps0.3_kappa0.875_rho1.0.npz,/Users/julian/CodingProjects/UniT3/QuarticSpeedupK-XOR/logs/final_problem_set/kxor_instance_n21_k2_m204_ell2_eps0.3_kappa0.875_rho1.0.log,21,204,False,21,1.0,0.0,1.0
/Users/julian/CodingProjects/UniT3/QuarticSpeedupK-XOR/z_Daphne/data/final_problem_set/kxor_instance_n21_k2_m229_ell2_eps0.15_kappa0.75_rho0.0.npz,/Users/julian/CodingProjects/UniT3/QuarticSpeedupK-XOR/logs/final_problem_set/kxor_instance_n21_k2_m229_ell2_eps0.15_kappa0.75_rho0.0.log,21,229,False,21,0.2576419213973799,,
/Users/julian/CodingProjects/UniT3/QuarticSpeedupK-XOR/z_Daphne/data/final_problem_set/kxor_instance_n21_k2_m229_ell2_eps0.15_kappa0.75_rho0.2.npz,/Users/julian/CodingProjects/UniT3/QuarticSpeedupK-XOR/logs/final_problem_set/kxor_instance_n21_k2_m229_ell2_eps0.15_kappa0.75_rho0.2.log,21,229,False,21,0.21397379912663755,0.3333333333333333,0.3333333333333333
/Users/julian/CodingProjects/UniT3/QuarticSpeedupK-XOR/z_Daphne/data/final_problem_set/kxor_instance_n21_k2_m229_ell2_eps0.15_kappa0.75_rho0.4.npz,/Users/julian/CodingProjects/UniT3/QuarticSpeedupK-XOR/logs/final_problem_set/kxor_instance_n21_k2_m229_ell2_eps0.15_kappa0.75_rho0.4.log,21,229,False,21,0.4672489082969432,0.09523809523809523,0.8095238095238095
/Users/julian/CodingProjects/UniT3/QuarticSpeedupK-XOR/z_Daphne/data/final_problem_set/kxor_instance_n21_k2_m229_ell2_eps0.15_kappa0.75_rho0.6.npz,/Users/julian/CodingProjects/UniT3/QuarticSpeedupK-XOR/logs/final_problem_set/kxor_instance_n21_k2_m229_ell2_eps0.15_kappa0.75_rho0.6.log,21,229,False,21,0.5982532751091703,0.0,1.0
/Users/julian/CodingProjects/UniT3/QuarticSpeedupK-XOR/z_Daphne/data/final_problem_set/kxor_instance_n21_k2_m229_ell2_eps0.15_kappa0.75_rho0.8.npz,/Users/julian/CodingProjects/UniT3/QuarticSpeedupK-XOR/logs/final_problem_set/kxor_instance_n21_k2_m229_ell2_eps0.15_kappa0.75_rho0.8.log,21,229,False,21,0.834061135371179,0.0,1.0
/Users/julian/CodingProjects/UniT3/QuarticSpeedupK-XOR/z_Daphne/data/final_problem_set/kxor_instance_n21_k2_m229_ell2_eps0.15_kappa0.75_rho1.0.npz,/Users/julian/CodingProjects/UniT3/QuarticSpeedupK-XOR/logs/final_problem_set/kxor_instance_n21_k2_m229_ell2_eps0.15_kappa0.75_rho1.0.log,21,229,False,21,1.0,0.0,1.0
/Users/julian/CodingProjects/UniT3/QuarticSpeedupK-XOR/z_Daphne/data/final_problem_set/kxor_instance_n21_k2_m239_ell2_eps0.2_kappa0.75_rho0.0.npz,/Users/julian/CodingProjects/UniT3/QuarticSpeedupK-XOR/logs/final_problem_set/kxor_instance_n21_k2_m239_ell2_eps0.2_kappa0.75_rho0.0.log,21,239,False,21,0.1799163179916318,,
/Users/julian/CodingProjects/UniT3/QuarticSpeedupK-XOR/z_Daphne/data/final_problem_set/kxor_instance_n21_k2_m239_ell2_eps0.2_kappa0.75_rho0.2.npz,/Users/julian/CodingProjects/UniT3/QuarticSpeedupK-XOR/logs/final_problem_set/kxor_instance_n21_k2_m239_ell2_eps0.2_kappa0.75_rho0.2.log,21,239,False,21,0.17154811715481172,0.47619047619047616,0.047619047619047616
/Users/julian/CodingProjects/UniT3/QuarticSpeedupK-XOR/z_Daphne/data/final_problem_set/kxor_instance_n21_k2_m239_ell2_eps0.2_kappa0.75_rho0.4.npz,/Users/julian/CodingProjects/UniT3/QuarticSpeedupK-XOR/logs/final_problem_set/kxor_instance_n21_k2_m239_ell2_eps0.2_kappa0.75_rho0.4.log,21,239,False,21,0.19665271966527198,0.2857142857142857,0.42857142857142855
/Users/julian/CodingProjects/UniT3/QuarticSpeedupK-XOR/z_Daphne/data/final_problem_set/kxor_instance_n21_k2_m239_ell2_eps0.2_kappa0.75_rho0.6.npz,/Users/julian/CodingProjects/UniT3/QuarticSpeedupK-XOR/logs/final_problem_set/kxor_instance_n21_k2_m239_ell2_eps0.2_kappa0.75_rho0.6.log,21,239,False,21,0.497907949790795,0.047619047619047616,0.9047619047619048
/Users/julian/CodingProjects/UniT3/QuarticSpeedupK-XOR/z_Daphne/data/final_problem_set/kxor_instance_n21_k2_m239_ell2_eps0.2_kappa0.75_rho0.8.npz,/Users/julian/CodingProjects/UniT3/QuarticSpeedupK-XOR/logs/final_problem_set/kxor_instance_n21_k2_m239_ell2_eps0.2_kappa0.75_rho0.8.log,21,239,False,21,0.8158995815899581,0.0,1.0
/Users/julian/CodingProjects/UniT3/QuarticSpeedupK-XOR/z_Daphne/data/final_problem_set/kxor_instance_n21_k2_m239_ell2_eps0.2_kappa0.75_rho1.0.npz,/Users/julian/CodingProjects/UniT3/QuarticSpeedupK-XOR/logs/final_problem_set/kxor_instance_n21_k2_m239_ell2_eps0.2_kappa0.75_rho1.0.log,21,239,False,21,1.0,0.0,1.0
/Users/julian/CodingProjects/UniT3/QuarticSpeedupK-XOR/z_Daphne/data/final_problem_set/kxor_instance_n21_k2_m249_ell2_eps0.25_kappa0.75_rho0.0.npz,/Users/julian/CodingProjects/UniT3/QuarticSpeedupK-XOR/logs/final_problem_set/kxor_instance_n21_k2_m249_ell2_eps0.25_kappa0.75_rho0.0.log,21,249,False,21,0.21285140562248997,,
/Users/julian/CodingProjects/UniT3/QuarticSpeedupK-XOR/z_Daphne/data/final_problem_set/kxor_instance_n21_k2_m249_ell2_eps0.25_kappa0.75_rho0.2.npz,/Users/julian/CodingProjects/UniT3/QuarticSpeedupK-XOR/logs/final_problem_set/kxor_instance_n21_k2_m249_ell2_eps0.25_kappa0.75_rho0.2.log,21,249,False,21,0.285140562248996,0.42857142857142855,0.14285714285714285
/Users/julian/CodingProjects/UniT3/QuarticSpeedupK-XOR/z_Daphne/data/final_problem_set/kxor_instance_n21_k2_m249_ell2_eps0.25_kappa0.75_rho0.4.npz,/Users/julian/CodingProjects/UniT3/QuarticSpeedupK-XOR/logs/final_problem_set/kxor_instance_n21_k2_m249_ell2_eps0.25_kappa0.75_rho0.4.log,21,249,False,21,0.3493975903614458,0.09523809523809523,0.8095238095238095
/Users/julian/CodingProjects/UniT3/QuarticSpeedupK-XOR/z_Daphne/data/final_problem_set/kxor_instance_n21_k2_m249_ell2_eps0.25_kappa0.75_rho0.6.npz,/Users/julian/CodingProjects/UniT3/QuarticSpeedupK-XOR/logs/final_problem_set/kxor_instance_n21_k2_m249_ell2_eps0.25_kappa0.75_rho0.6.log,21,249,False,21,0.4859437751004016,0.047619047619047616,0.9047619047619048
/Users/julian/CodingProjects/UniT3/QuarticSpeedupK-XOR/z_Daphne/data/final_problem_set/kxor_instance_n21_k2_m249_ell2_eps0.25_kappa0.75_rho0.8.npz,/Users/julian/CodingProjects/UniT3/QuarticSpeedupK-XOR/logs/final_problem_set/kxor_instance_n21_k2_m249_ell2_eps0.25_kappa0.75_rho0.8.log,21,249,False,21,0.8072289156626506,0.0,1.0
/Users/julian/CodingProjects/UniT3/QuarticSpeedupK-XOR/z_Daphne/data/final_problem_set/kxor_instance_n21_k2_m249_ell2_eps0.25_kappa0.75_rho1.0.npz,/Users/julian/CodingProjects/UniT3/QuarticSpeedupK-XOR/logs/final_problem_set/kxor_instance_n21_k2_m249_ell2_eps0.25_kappa0.75_rho1.0.log,21,249,False,21,1.0,0.0,1.0
/Users/julian/CodingProjects/UniT3/QuarticSpeedupK-XOR/z_Daphne/data/final_problem_set/kxor_instance_n22_k2_m157_ell2_eps0.15_kappa1.0_rho0.0.npz,/Users/julian/CodingProjects/UniT3/QuarticSpeedupK-XOR/logs/final_problem_set/kxor_instance_n22_k2_m157_ell2_eps0.15_kappa1.0_rho0.0.log,22,157,False,22,0.2611464968152866,,
/Users/julian/CodingProjects/UniT3/QuarticSpeedupK-XOR/z_Daphne/data/final_problem_set/kxor_instance_n22_k2_m157_ell2_eps0.15_kappa1.0_rho0.2.npz,/Users/julian/CodingProjects/UniT3/QuarticSpeedupK-XOR/logs/final_problem_set/kxor_instance_n22_k2_m157_ell2_eps0.15_kappa1.0_rho0.2.log,22,157,False,22,0.2611464968152866,0.4090909090909091,0.18181818181818182
/Users/julian/CodingProjects/UniT3/QuarticSpeedupK-XOR/z_Daphne/data/final_problem_set/kxor_instance_n22_k2_m157_ell2_eps0.15_kappa1.0_rho0.4.npz,/Users/julian/CodingProjects/UniT3/QuarticSpeedupK-XOR/logs/final_problem_set/kxor_instance_n22_k2_m157_ell2_eps0.15_kappa1.0_rho0.4.log,22,157,False,22,0.5031847133757962,0.09090909090909091,0.8181818181818182
/Users/julian/CodingProjects/UniT3/QuarticSpeedupK-XOR/z_Daphne/data/final_problem_set/kxor_instance_n22_k2_m157_ell2_eps0.15_kappa1.0_rho0.6.npz,/Users/julian/CodingProjects/UniT3/QuarticSpeedupK-XOR/logs/final_problem_set/kxor_instance_n22_k2_m157_ell2_eps0.15_kappa1.0_rho0.6.log,22,157,False,22,0.4267515923566879,0.13636363636363635,0.7272727272727273
/Users/julian/CodingProjects/UniT3/QuarticSpeedupK-XOR/z_Daphne/data/final_problem_set/kxor_instance_n22_k2_m157_ell2_eps0.15_kappa1.0_rho0.8.npz,/Users/julian/CodingProjects/UniT3/QuarticSpeedupK-XOR/logs/final_problem_set/kxor_instance_n22_k2_m157_ell2_eps0.15_kappa1.0_rho0.8.log,22,157,False,22,0.8089171974522293,0.0,1.0
/Users/julian/CodingProjects/UniT3/QuarticSpeedupK-XOR/z_Daphne/data/final_problem_set/kxor_instance_n22_k2_m157_ell2_eps0.15_kappa1.0_rho1.0.npz,/Users/julian/CodingProjects/UniT3/QuarticSpeedupK-XOR/logs/final_problem_set/kxor_instance_n22_k2_m157_ell2_eps0.15_kappa1.0_rho1.0.log,22,157,False,22,1.0,0.0,1.0
/Users/julian/CodingProjects/UniT3/QuarticSpeedupK-XOR/z_Daphne/data/final_problem_set/kxor_instance_n22_k2_m164_ell2_eps0.2_kappa1.0_rho0.0.npz,/Users/julian/CodingProjects/UniT3/QuarticSpeedupK-XOR/logs/final_problem_set/kxor_instance_n22_k2_m164_ell2_eps0.2_kappa1.0_rho0.0.log,22,164,False,22,0.21951219512195122,,
/Users/julian/CodingProjects/UniT3/QuarticSpeedupK-XOR/z_Daphne/data/final_problem_set/kxor_instance_n22_k2_m164_ell2_eps0.2_kappa1.0_rho0.2.npz,/Users/julian/CodingProjects/UniT3/QuarticSpeedupK-XOR/logs/final_problem_set/kxor_instance_n22_k2_m164_ell2_eps0.2_kappa1.0_rho0.2.log,22,164,False,22,0.32926829268292684,0.3181818181818182,0.36363636363636365
/Users/julian/CodingProjects/UniT3/QuarticSpeedupK-XOR/z_Daphne/data/final_problem_set/kxor_instance_n22_k2_m164_ell2_eps0.2_kappa1.0_rho0.4.npz,/Users/julian/CodingProjects/UniT3/QuarticSpeedupK-XOR/logs/final_problem_set/kxor_instance_n22_k2_m164_ell2_eps0.2_kappa1.0_rho0.4.log,22,164,False,22,0.47560975609756095,0.045454545454545456,0.9090909090909091
/Users/julian/CodingProjects/UniT3/QuarticSpeedupK-XOR/z_Daphne/data/final_problem_set/kxor_instance_n22_k2_m164_ell2_eps0.2_kappa1.0_rho0.6.npz,/Users/julian/CodingProjects/UniT3/QuarticSpeedupK-XOR/logs/final_problem_set/kxor_instance_n22_k2_m164_ell2_eps0.2_kappa1.0_rho0.6.log,22,164,False,22,0.6341463414634146,0.0,1.0
/Users/julian/CodingProjects/UniT3/QuarticSpeedupK-XOR/z_Daphne/data/final_problem_set/kxor_instance_n22_k2_m164_ell2_eps0.2_kappa1.0_rho0.8.npz,/Users/julian/CodingProjects/UniT3/QuarticSpeedupK-XOR/logs/final_problem_set/kxor_instance_n22_k2_m164_ell2_eps0.2_kappa1.0_rho0.8.log,22,164,False,22,0.8048780487804879,0.0,1.0
/Users/julian/CodingProjects/UniT3/QuarticSpeedupK-XOR/z_Daphne/data/final_problem_set/kxor_instance_n22_k2_m164_ell2_eps0.2_kappa1.0_rho1.0.npz,/Users/julian/CodingProjects/UniT3/QuarticSpeedupK-XOR/logs/final_problem_set/kxor_instance_n22_k2_m164_ell2_eps0.2_kappa1.0_rho1.0.log,22,164,False,22,1.0,0.0,1.0
/Users/julian/CodingProjects/UniT3/QuarticSpeedupK-XOR/z_Daphne/data/final_problem_set/kxor_instance_n22_k2_m171_ell2_eps0.25_kappa1.0_rho0.0.npz,/Users/julian/CodingProjects/UniT3/QuarticSpeedupK-XOR/logs/final_problem_set/kxor_instance_n22_k2_m171_ell2_eps0.25_kappa1.0_rho0.0.log,22,171,False,22,0.28654970760233917,,
/Users/julian/CodingProjects/UniT3/QuarticSpeedupK-XOR/z_Daphne/data/final_problem_set/kxor_instance_n22_k2_m171_ell2_eps0.25_kappa1.0_rho0.2.npz,/Users/julian/CodingProjects/UniT3/QuarticSpeedupK-XOR/logs/final_problem_set/kxor_instance_n22_k2_m171_ell2_eps0.25_kappa1.0_rho0.2.log,22,171,False,22,0.3216374269005848,0.5,0.0
/Users/julian/CodingProjects/UniT3/QuarticSpeedupK-XOR/z_Daphne/data/final_problem_set/kxor_instance_n22_k2_m171_ell2_eps0.25_kappa1.0_rho0.4.npz,/Users/julian/CodingProjects/UniT3/QuarticSpeedupK-XOR/logs/final_problem_set/kxor_instance_n22_k2_m171_ell2_eps0.25_kappa1.0_rho0.4.log,22,171,False,22,0.38011695906432746,0.09090909090909091,0.8181818181818182
/Users/julian/CodingProjects/UniT3/QuarticSpeedupK-XOR/z_Daphne/data/final_problem_set/kxor_instance_n22_k2_m171_ell2_eps0.25_kappa1.0_rho0.6.npz,/Users/julian/CodingProjects/UniT3/QuarticSpeedupK-XOR/logs/final_problem_set/kxor_instance_n22_k2_m171_ell2_eps0.25_kappa1.0_rho0.6.log,22,171,False,22,0.695906432748538,0.0,1.0
/Users/julian/CodingProjects/UniT3/QuarticSpeedupK-XOR/z_Daphne/data/final_problem_set/kxor_instance_n22_k2_m171_ell2_eps0.25_kappa1.0_rho0.8.npz,/Users/julian/CodingProjects/UniT3/QuarticSpeedupK-XOR/logs/final_problem_set/kxor_instance_n22_k2_m171_ell2_eps0.25_kappa1.0_rho0.8.log,22,171,False,22,0.9064327485380117,0.0,1.0
/Users/julian/CodingProjects/UniT3/QuarticSpeedupK-XOR/z_Daphne/data/final_problem_set/kxor_instance_n22_k2_m171_ell2_eps0.25_kappa1.0_rho1.0.npz,/Users/julian/CodingProjects/UniT3/QuarticSpeedupK-XOR/logs/final_problem_set/kxor_instance_n22_k2_m171_ell2_eps0.25_kappa1.0_rho1.0.log,22,171,False,22,1.0,0.0,1.0
/Users/julian/CodingProjects/UniT3/QuarticSpeedupK-XOR/z_Daphne/data/final_problem_set/kxor_instance_n22_k2_m177_ell2_eps0.3_kappa1.0_rho0.0.npz,/Users/julian/CodingProjects/UniT3/QuarticSpeedupK-XOR/logs/final_problem_set/kxor_instance_n22_k2_m177_ell2_eps0.3_kappa1.0_rho0.0.log,22,177,False,22,0.23163841807909605,,
/Users/julian/CodingProjects/UniT3/QuarticSpeedupK-XOR/z_Daphne/data/final_problem_set/kxor_instance_n22_k2_m177_ell2_eps0.3_kappa1.0_rho0.2.npz,/Users/julian/CodingProjects/UniT3/QuarticSpeedupK-XOR/logs/final_problem_set/kxor_instance_n22_k2_m177_ell2_eps0.3_kappa1.0_rho0.2.log,22,177,False,22,0.3220338983050847,0.5,0.0
/Users/julian/CodingProjects/UniT3/QuarticSpeedupK-XOR/z_Daphne/data/final_problem_set/kxor_instance_n22_k2_m177_ell2_eps0.3_kappa1.0_rho0.4.npz,/Users/julian/CodingProjects/UniT3/QuarticSpeedupK-XOR/logs/final_problem_set/kxor_instance_n22_k2_m177_ell2_eps0.3_kappa1.0_rho0.4.log,22,177,False,22,0.2994350282485876,0.18181818181818182,0.6363636363636364
/Users/julian/CodingProjects/UniT3/QuarticSpeedupK-XOR/z_Daphne/data/final_problem_set/kxor_instance_n22_k2_m177_ell2_eps0.3_kappa1.0_rho0.6.npz,/Users/julian/CodingProjects/UniT3/QuarticSpeedupK-XOR/logs/final_problem_set/kxor_instance_n22_k2_m177_ell2_eps0.3_kappa1.0_rho0.6.log,22,177,False,22,0.5480225988700564,0.0,1.0
/Users/julian/CodingProjects/UniT3/QuarticSpeedupK-XOR/z_Daphne/data/final_problem_set/kxor_instance_n22_k2_m177_ell2_eps0.3_kappa1.0_rho0.8.npz,/Users/julian/CodingProjects/UniT3/QuarticSpeedupK-XOR/logs/final_problem_set/kxor_instance_n22_k2_m177_ell2_eps0.3_kappa1.0_rho0.8.log,22,177,False,22,0.8531073446327684,0.0,1.0
/Users/julian/CodingProjects/UniT3/QuarticSpeedupK-XOR/z_Daphne/data/final_problem_set/kxor_instance_n22_k2_m177_ell2_eps0.3_kappa1.0_rho1.0.npz,/Users/julian/CodingProjects/UniT3/QuarticSpeedupK-XOR/logs/final_problem_set/kxor_instance_n22_k2_m177_ell2_eps0.3_kappa1.0_rho1.0.log,22,177,False,22,1.0,0.0,1.0
/Users/julian/CodingProjects/UniT3/QuarticSpeedupK-XOR/z_Daphne/data/final_problem_set/kxor_instance_n22_k2_m192_ell2_eps0.15_kappa0.875_rho0.0.npz,/Users/julian/CodingProjects/UniT3/QuarticSpeedupK-XOR/logs/final_problem_set/kxor_instance_n22_k2_m192_ell2_eps0.15_kappa0.875_rho0.0.log,22,192,False,22,-0.25,,
/Users/julian/CodingProjects/UniT3/QuarticSpeedupK-XOR/z_Daphne/data/final_problem_set/kxor_instance_n22_k2_m192_ell2_eps0.15_kappa0.875_rho0.2.npz,/Users/julian/CodingProjects/UniT3/QuarticSpeedupK-XOR/logs/final_problem_set/kxor_instance_n22_k2_m192_ell2_eps0.15_kappa0.875_rho0.2.log,22,192,False,22,0.34375,0.2727272727272727,0.45454545454545453
/Users/julian/CodingProjects/UniT3/QuarticSpeedupK-XOR/z_Daphne/data/final_problem_set/kxor_instance_n22_k2_m192_ell2_eps0.15_kappa0.875_rho0.4.npz,/Users/julian/CodingProjects/UniT3/QuarticSpeedupK-XOR/logs/final_problem_set/kxor_instance_n22_k2_m192_ell2_eps0.15_kappa0.875_rho0.4.log,22,192,False,22,0.4166666666666667,0.13636363636363635,0.7272727272727273
/Users/julian/CodingProjects/UniT3/QuarticSpeedupK-XOR/z_Daphne/data/final_problem_set/kxor_instance_n22_k2_m192_ell2_eps0.15_kappa0.875_rho0.6.npz,/Users/julian/CodingProjects/UniT3/QuarticSpeedupK-XOR/logs/final_problem_set/kxor_instance_n22_k2_m192_ell2_eps0.15_kappa0.875_rho0.6.log,22,192,False,22,0.5520833333333334,0.045454545454545456,0.9090909090909091
/Users/julian/CodingProjects/UniT3/QuarticSpeedupK-XOR/z_Daphne/data/final_problem_set/kxor_instance_n22_k2_m192_ell2_eps0.15_kappa0.875_rho0.8.npz,/Users/julian/CodingProjects/UniT3/QuarticSpeedupK-XOR/logs/final_problem_set/kxor_instance_n22_k2_m192_ell2_eps0.15_kappa0.875_rho0.8.log,22,192,False,22,0.8020833333333334,0.0,1.0
/Users/julian/CodingProjects/UniT3/QuarticSpeedupK-XOR/z_Daphne/data/final_problem_set/kxor_instance_n22_k2_m192_ell2_eps0.15_kappa0.875_rho1.0.npz,/Users/julian/CodingProjects/UniT3/QuarticSpeedupK-XOR/logs/final_problem_set/kxor_instance_n22_k2_m192_ell2_eps0.15_kappa0.875_rho1.0.log,22,192,False,22,1.0,0.0,1.0
/Users/julian/CodingProjects/UniT3/QuarticSpeedupK-XOR/z_Daphne/data/final_problem_set/kxor_instance_n22_k2_m200_ell2_eps0.2_kappa0.875_rho0.0.npz,/Users/julian/CodingProjects/UniT3/QuarticSpeedupK-XOR/logs/final_problem_set/kxor_instance_n22_k2_m200_ell2_eps0.2_kappa0.875_rho0.0.log,22,200,False,22,0.23,,
/Users/julian/CodingProjects/UniT3/QuarticSpeedupK-XOR/z_Daphne/data/final_problem_set/kxor_instance_n22_k2_m200_ell2_eps0.2_kappa0.875_rho0.2.npz,/Users/julian/CodingProjects/UniT3/QuarticSpeedupK-XOR/logs/final_problem_set/kxor_instance_n22_k2_m200_ell2_eps0.2_kappa0.875_rho0.2.log,22,200,False,22,0.23,0.45454545454545453,0.09090909090909091
/Users/julian/CodingProjects/UniT3/QuarticSpeedupK-XOR/z_Daphne/data/final_problem_set/kxor_instance_n22_k2_m200_ell2_eps0.2_kappa0.875_rho0.4.npz,/Users/julian/CodingProjects/UniT3/QuarticSpeedupK-XOR/logs/final_problem_set/kxor_instance_n22_k2_m200_ell2_eps0.2_kappa0.875_rho0.4.log,22,200,False,22,0.33,0.13636363636363635,0.7272727272727273
/Users/julian/CodingProjects/UniT3/QuarticSpeedupK-XOR/z_Daphne/data/final_problem_set/kxor_instance_n22_k2_m200_ell2_eps0.2_kappa0.875_rho0.6.npz,/Users/julian/CodingProjects/UniT3/QuarticSpeedupK-XOR/logs/final_problem_set/kxor_instance_n22_k2_m200_ell2_eps0.2_kappa0.875_rho0.6.log,22,200,False,22,0.47,0.09090909090909091,0.8181818181818182
/Users/julian/CodingProjects/UniT3/QuarticSpeedupK-XOR/z_Daphne/data/final_problem_set/kxor_instance_n22_k2_m200_ell2_eps0.2_kappa0.875_rho0.8.npz,/Users/julian/CodingProjects/UniT3/QuarticSpeedupK-XOR/logs/final_problem_set/kxor_instance_n22_k2_m200_ell2_eps0.2_kappa0.875_rho0.8.log,22,200,False,22,0.86,0.0,1.0
/Users/julian/CodingProjects/UniT3/QuarticSpeedupK-XOR/z_Daphne/data/final_problem_set/kxor_instance_n22_k2_m200_ell2_eps0.2_kappa0.875_rho1.0.npz,/Users/julian/CodingProjects/UniT3/QuarticSpeedupK-XOR/logs/final_problem_set/kxor_instance_n22_k2_m200_ell2_eps0.2_kappa0.875_rho1.0.log,22,200,False,22,1.0,0.0,1.0
/Users/julian/CodingProjects/UniT3/QuarticSpeedupK-XOR/z_Daphne/data/final_problem_set/kxor_instance_n22_k2_m209_ell2_eps0.25_kappa0.875_rho0.0.npz,/Users/julian/CodingProjects/UniT3/QuarticSpeedupK-XOR/logs/final_problem_set/kxor_instance_n22_k2_m209_ell2_eps0.25_kappa0.875_rho0.0.log,22,209,False,22,0.17703349282296652,,
/Users/julian/CodingProjects/UniT3/QuarticSpeedupK-XOR/z_Daphne/data/final_problem_set/kxor_instance_n22_k2_m209_ell2_eps0.25_kappa0.875_rho0.2.npz,/Users/julian/CodingProjects/UniT3/QuarticSpeedupK-XOR/logs/final_problem_set/kxor_instance_n22_k2_m209_ell2_eps0.25_kappa0.875_rho0.2.log,22,209,False,22,0.3014354066985646,0.45454545454545453,0.09090909090909091
/Users/julian/CodingProjects/UniT3/QuarticSpeedupK-XOR/z_Daphne/data/final_problem_set/kxor_instance_n22_k2_m209_ell2_eps0.25_kappa0.875_rho0.4.npz,/Users/julian/CodingProjects/UniT3/QuarticSpeedupK-XOR/logs/final_problem_set/kxor_instance_n22_k2_m209_ell2_eps0.25_kappa0.875_rho0.4.log,22,209,False,22,0.4354066985645933,0.09090909090909091,0.8181818181818182
/Users/julian/CodingProjects/UniT3/QuarticSpeedupK-XOR/z_Daphne/data/final_problem_set/kxor_instance_n22_k2_m209_ell2_eps0.25_kappa0.875_rho0.6.npz,/Users/julian/CodingProjects/UniT3/QuarticSpeedupK-XOR/logs/final_problem_set/kxor_instance_n22_k2_m209_ell2_eps0.25_kappa0.875_rho0.6.log,22,209,False,22,0.5980861244019139,0.0,1.0
/Users/julian/CodingProjects/UniT3/QuarticSpeedupK-XOR/z_Daphne/data/final_problem_set/kxor_instance_n22_k2_m209_ell2_eps0.25_kappa0.875_rho0.8.npz,/Users/julian/CodingProjects/UniT3/QuarticSpeedupK-XOR/logs/final_problem_set/kxor_instance_n22_k2_m209_ell2_eps0.25_kappa0.875_rho0.8.log,22,209,False,22,0.7990430622009569,0.0,1.0
/Users/julian/CodingProjects/UniT3/QuarticSpeedupK-XOR/z_Daphne/data/final_problem_set/kxor_instance_n22_k2_m209_ell2_eps0.25_kappa0.875_rho1.0.npz,/Users/julian/CodingProjects/UniT3/QuarticSpeedupK-XOR/logs/final_problem_set/kxor_instance_n22_k2_m209_ell2_eps0.25_kappa0.875_rho1.0.log,22,209,False,22,1.0,0.0,1.0
/Users/julian/CodingProjects/UniT3/QuarticSpeedupK-XOR/z_Daphne/data/final_problem_set/kxor_instance_n22_k2_m217_ell2_eps0.3_kappa0.875_rho0.0.npz,/Users/julian/CodingProjects/UniT3/QuarticSpeedupK-XOR/logs/final_problem_set/kxor_instance_n22_k2_m217_ell2_eps0.3_kappa0.875_rho0.0.log,22,217,False,22,0.21658986175115208,,
/Users/julian/CodingProjects/UniT3/QuarticSpeedupK-XOR/z_Daphne/data/final_problem_set/kxor_instance_n22_k2_m217_ell2_eps0.3_kappa0.875_rho0.2.npz,/Users/julian/CodingProjects/UniT3/QuarticSpeedupK-XOR/logs/final_problem_set/kxor_instance_n22_k2_m217_ell2_eps0.3_kappa0.875_rho0.2.log,22,217,False,22,0.271889400921659,0.09090909090909091,0.8181818181818182
/Users/julian/CodingProjects/UniT3/QuarticSpeedupK-XOR/z_Daphne/data/final_problem_set/kxor_instance_n22_k2_m217_ell2_eps0.3_kappa0.875_rho0.4.npz,/Users/julian/CodingProjects/UniT3/QuarticSpeedupK-XOR/logs/final_problem_set/kxor_instance_n22_k2_m217_ell2_eps0.3_kappa0.875_rho0.4.log,22,217,False,22,0.41935483870967744,0.09090909090909091,0.8181818181818182
/Users/julian/CodingProjects/UniT3/QuarticSpeedupK-XOR/z_Daphne/data/final_problem_set/kxor_instance_n22_k2_m217_ell2_eps0.3_kappa0.875_rho0.6.npz,/Users/julian/CodingProjects/UniT3/QuarticSpeedupK-XOR/logs/final_problem_set/kxor_instance_n22_k2_m217_ell2_eps0.3_kappa0.875_rho0.6.log,22,217,False,22,0.576036866359447,0.0,1.0
/Users/julian/CodingProjects/UniT3/QuarticSpeedupK-XOR/z_Daphne/data/final_problem_set/kxor_instance_n22_k2_m217_ell2_eps0.3_kappa0.875_rho0.8.npz,/Users/julian/CodingProjects/UniT3/QuarticSpeedupK-XOR/logs/final_problem_set/kxor_instance_n22_k2_m217_ell2_eps0.3_kappa0.875_rho0.8.log,22,217,False,22,0.7972350230414746,0.0,1.0
/Users/julian/CodingProjects/UniT3/QuarticSpeedupK-XOR/z_Daphne/data/final_problem_set/kxor_instance_n22_k2_m217_ell2_eps0.3_kappa0.875_rho1.0.npz,/Users/julian/CodingProjects/UniT3/QuarticSpeedupK-XOR/logs/final_problem_set/kxor_instance_n22_k2_m217_ell2_eps0.3_kappa0.875_rho1.0.log,22,217,False,22,1.0,0.0,1.0
/Users/julian/CodingProjects/UniT3/QuarticSpeedupK-XOR/z_Daphne/data/final_problem_set/kxor_instance_n22_k2_m244_ell2_eps0.15_kappa0.75_rho0.0.npz,/Users/julian/CodingProjects/UniT3/QuarticSpeedupK-XOR/logs/final_problem_set/kxor_instance_n22_k2_m244_ell2_eps0.15_kappa0.75_rho0.0.log,22,244,False,22,0.21311475409836064,,
/Users/julian/CodingProjects/UniT3/QuarticSpeedupK-XOR/z_Daphne/data/final_problem_set/kxor_instance_n22_k2_m244_ell2_eps0.15_kappa0.75_rho0.2.npz,/Users/julian/CodingProjects/UniT3/QuarticSpeedupK-XOR/logs/final_problem_set/kxor_instance_n22_k2_m244_ell2_eps0.15_kappa0.75_rho0.2.log,22,244,False,22,0.21311475409836064,0.22727272727272727,0.5454545454545454
/Users/julian/CodingProjects/UniT3/QuarticSpeedupK-XOR/z_Daphne/data/final_problem_set/kxor_instance_n22_k2_m244_ell2_eps0.15_kappa0.75_rho0.4.npz,/Users/julian/CodingProjects/UniT3/QuarticSpeedupK-XOR/logs/final_problem_set/kxor_instance_n22_k2_m244_ell2_eps0.15_kappa0.75_rho0.4.log,22,244,False,22,0.29508196721311475,0.045454545454545456,0.9090909090909091
/Users/julian/CodingProjects/UniT3/QuarticSpeedupK-XOR/z_Daphne/data/final_problem_set/kxor_instance_n22_k2_m244_ell2_eps0.15_kappa0.75_rho0.6.npz,/Users/julian/CodingProjects/UniT3/QuarticSpeedupK-XOR/logs/final_problem_set/kxor_instance_n22_k2_m244_ell2_eps0.15_kappa0.75_rho0.6.log,22,244,False,22,0.4918032786885246,0.045454545454545456,0.9090909090909091
/Users/julian/CodingProjects/UniT3/QuarticSpeedupK-XOR/z_Daphne/data/final_problem_set/kxor_instance_n22_k2_m244_ell2_eps0.15_kappa0.75_rho0.8.npz,/Users/julian/CodingProjects/UniT3/QuarticSpeedupK-XOR/logs/final_problem_set/kxor_instance_n22_k2_m244_ell2_eps0.15_kappa0.75_rho0.8.log,22,244,False,22,0.7213114754098361,0.0,1.0
/Users/julian/CodingProjects/UniT3/QuarticSpeedupK-XOR/z_Daphne/data/final_problem_set/kxor_instance_n22_k2_m244_ell2_eps0.15_kappa0.75_rho1.0.npz,/Users/julian/CodingProjects/UniT3/QuarticSpeedupK-XOR/logs/final_problem_set/kxor_instance_n22_k2_m244_ell2_eps0.15_kappa0.75_rho1.0.log,22,244,False,22,1.0,0.0,1.0
/Users/julian/CodingProjects/UniT3/QuarticSpeedupK-XOR/z_Daphne/data/final_problem_set/kxor_instance_n22_k2_m254_ell2_eps0.2_kappa0.75_rho0.0.npz,/Users/julian/CodingProjects/UniT3/QuarticSpeedupK-XOR/logs/final_problem_set/kxor_instance_n22_k2_m254_ell2_eps0.2_kappa0.75_rho0.0.log,22,254,False,22,0.25984251968503935,,
/Users/julian/CodingProjects/UniT3/QuarticSpeedupK-XOR/z_Daphne/data/final_problem_set/kxor_instance_n22_k2_m254_ell2_eps0.2_kappa0.75_rho0.2.npz,/Users/julian/CodingProjects/UniT3/QuarticSpeedupK-XOR/logs/final_problem_set/kxor_instance_n22_k2_m254_ell2_eps0.2_kappa0.75_rho0.2.log,22,254,False,22,0.25196850393700787,0.36363636363636365,0.2727272727272727
/Users/julian/CodingProjects/UniT3/QuarticSpeedupK-XOR/z_Daphne/data/final_problem_set/kxor_instance_n22_k2_m254_ell2_eps0.2_kappa0.75_rho0.4.npz,/Users/julian/CodingProjects/UniT3/QuarticSpeedupK-XOR/logs/final_problem_set/kxor_instance_n22_k2_m254_ell2_eps0.2_kappa0.75_rho0.4.log,22,254,False,22,0.25984251968503935,0.2727272727272727,0.45454545454545453
/Users/julian/CodingProjects/UniT3/QuarticSpeedupK-XOR/z_Daphne/data/final_problem_set/kxor_instance_n22_k2_m254_ell2_eps0.2_kappa0.75_rho0.6.npz,/Users/julian/CodingProjects/UniT3/QuarticSpeedupK-XOR/logs/final_problem_set/kxor_instance_n22_k2_m254_ell2_eps0.2_kappa0.75_rho0.6.log,22,254,False,22,0.5826771653543307,0.0,1.0
/Users/julian/CodingProjects/UniT3/QuarticSpeedupK-XOR/z_Daphne/data/final_problem_set/kxor_instance_n22_k2_m254_ell2_eps0.2_kappa0.75_rho0.8.npz,/Users/julian/CodingProjects/UniT3/QuarticSpeedupK-XOR/logs/final_problem_set/kxor_instance_n22_k2_m254_ell2_eps0.2_kappa0.75_rho0.8.log,22,254,False,22,0.7874015748031497,0.0,1.0
/Users/julian/CodingProjects/UniT3/QuarticSpeedupK-XOR/z_Daphne/data/final_problem_set/kxor_instance_n22_k2_m254_ell2_eps0.2_kappa0.75_rho1.0.npz,/Users/julian/CodingProjects/UniT3/QuarticSpeedupK-XOR/logs/final_problem_set/kxor_instance_n22_k2_m254_ell2_eps0.2_kappa0.75_rho1.0.log,22,254,False,22,1.0,0.0,1.0
/Users/julian/CodingProjects/UniT3/QuarticSpeedupK-XOR/z_Daphne/data/final_problem_set/kxor_instance_n23_k2_m166_ell2_eps0.15_kappa1.0_rho0.0.npz,/Users/julian/CodingProjects/UniT3/QuarticSpeedupK-XOR/logs/final_problem_set/kxor_instance_n23_k2_m166_ell2_eps0.15_kappa1.0_rho0.0.log,23,166,False,23,0.2289156626506024,,
/Users/julian/CodingProjects/UniT3/QuarticSpeedupK-XOR/z_Daphne/data/final_problem_set/kxor_instance_n23_k2_m166_ell2_eps0.15_kappa1.0_rho0.2.npz,/Users/julian/CodingProjects/UniT3/QuarticSpeedupK-XOR/logs/final_problem_set/kxor_instance_n23_k2_m166_ell2_eps0.15_kappa1.0_rho0.2.log,23,166,False,23,0.30120481927710846,0.4782608695652174,0.043478260869565216
/Users/julian/CodingProjects/UniT3/QuarticSpeedupK-XOR/z_Daphne/data/final_problem_set/kxor_instance_n23_k2_m166_ell2_eps0.15_kappa1.0_rho0.4.npz,/Users/julian/CodingProjects/UniT3/QuarticSpeedupK-XOR/logs/final_problem_set/kxor_instance_n23_k2_m166_ell2_eps0.15_kappa1.0_rho0.4.log,23,166,False,23,0.3855421686746988,0.43478260869565216,0.13043478260869565
/Users/julian/CodingProjects/UniT3/QuarticSpeedupK-XOR/z_Daphne/data/final_problem_set/kxor_instance_n23_k2_m166_ell2_eps0.15_kappa1.0_rho0.6.npz,/Users/julian/CodingProjects/UniT3/QuarticSpeedupK-XOR/logs/final_problem_set/kxor_instance_n23_k2_m166_ell2_eps0.15_kappa1.0_rho0.6.log,23,166,False,23,0.6385542168674698,0.0,1.0
/Users/julian/CodingProjects/UniT3/QuarticSpeedupK-XOR/z_Daphne/data/final_problem_set/kxor_instance_n23_k2_m166_ell2_eps0.15_kappa1.0_rho0.8.npz,/Users/julian/CodingProjects/UniT3/QuarticSpeedupK-XOR/logs/final_problem_set/kxor_instance_n23_k2_m166_ell2_eps0.15_kappa1.0_rho0.8.log,23,166,False,23,0.7590361445783133,0.0,1.0
/Users/julian/CodingProjects/UniT3/QuarticSpeedupK-XOR/z_Daphne/data/final_problem_set/kxor_instance_n23_k2_m166_ell2_eps0.15_kappa1.0_rho1.0.npz,/Users/julian/CodingProjects/UniT3/QuarticSpeedupK-XOR/logs/final_problem_set/kxor_instance_n23_k2_m166_ell2_eps0.15_kappa1.0_rho1.0.log,23,166,False,23,1.0,0.0,1.0
/Users/julian/CodingProjects/UniT3/QuarticSpeedupK-XOR/z_Daphne/data/final_problem_set/kxor_instance_n23_k2_m174_ell2_eps0.2_kappa1.0_rho0.0.npz,/Users/julian/CodingProjects/UniT3/QuarticSpeedupK-XOR/logs/final_problem_set/kxor_instance_n23_k2_m174_ell2_eps0.2_kappa1.0_rho0.0.log,23,174,False,23,0.26436781609195403,,
/Users/julian/CodingProjects/UniT3/QuarticSpeedupK-XOR/z_Daphne/data/final_problem_set/kxor_instance_n23_k2_m174_ell2_eps0.2_kappa1.0_rho0.2.npz,/Users/julian/CodingProjects/UniT3/QuarticSpeedupK-XOR/logs/final_problem_set/kxor_instance_n23_k2_m174_ell2_eps0.2_kappa1.0_rho0.2.log,23,174,False,23,0.28735632183908044,0.43478260869565216,0.13043478260869565
/Users/julian/CodingProjects/UniT3/QuarticSpeedupK-XOR/z_Daphne/data/final_problem_set/kxor_instance_n23_k2_m174_ell2_eps0.2_kappa1.0_rho0.4.npz,/Users/julian/CodingProjects/UniT3/QuarticSpeedupK-XOR/logs/final_problem_set/kxor_instance_n23_k2_m174_ell2_eps0.2_kappa1.0_rho0.4.log,23,174,False,23,0.47126436781609193,0.08695652173913043,0.8260869565217391
/Users/julian/CodingProjects/UniT3/QuarticSpeedupK-XOR/z_Daphne/data/final_problem_set/kxor_instance_n23_k2_m174_ell2_eps0.2_kappa1.0_rho0.6.npz,/Users/julian/CodingProjects/UniT3/QuarticSpeedupK-XOR/logs/final_problem_set/kxor_instance_n23_k2_m174_ell2_eps0.2_kappa1.0_rho0.6.log,23,174,False,23,0.5747126436781609,0.0,1.0
/Users/julian/CodingProjects/UniT3/QuarticSpeedupK-XOR/z_Daphne/data/final_problem_set/kxor_instance_n23_k2_m174_ell2_eps0.2_kappa1.0_rho0.8.npz,/Users/julian/CodingProjects/UniT3/QuarticSpeedupK-XOR/logs/final_problem_set/kxor_instance_n23_k2_m174_ell2_eps0.2_kappa1.0_rho0.8.log,23,174,False,23,0.7126436781609196,0.0,1.0
/Users/julian/CodingProjects/UniT3/QuarticSpeedupK-XOR/z_Daphne/data/final_problem_set/kxor_instance_n23_k2_m174_ell2_eps0.2_kappa1.0_rho1.0.npz,/Users/julian/CodingProjects/UniT3/QuarticSpeedupK-XOR/logs/final_problem_set/kxor_instance_n23_k2_m174_ell2_eps0.2_kappa1.0_rho1.0.log,23,174,False,23,1.0,0.0,1.0
/Users/julian/CodingProjects/UniT3/QuarticSpeedupK-XOR/z_Daphne/data/final_problem_set/kxor_instance_n23_k2_m181_ell2_eps0.25_kappa1.0_rho0.0.npz,/Users/julian/CodingProjects/UniT3/QuarticSpeedupK-XOR/logs/final_problem_set/kxor_instance_n23_k2_m181_ell2_eps0.25_kappa1.0_rho0.0.log,23,181,False,23,0.23756906077348067,,
/Users/julian/CodingProjects/UniT3/QuarticSpeedupK-XOR/z_Daphne/data/final_problem_set/kxor_instance_n23_k2_m181_ell2_eps0.25_kappa1.0_rho0.2.npz,/Users/julian/CodingProjects/UniT3/QuarticSpeedupK-XOR/logs/final_problem_set/kxor_instance_n23_k2_m181_ell2_eps0.25_kappa1.0_rho0.2.log,23,181,False,23,0.35911602209944754,0.17391304347826086,0.6521739130434783
/Users/julian/CodingProjects/UniT3/QuarticSpeedupK-XOR/z_Daphne/data/final_problem_set/kxor_instance_n23_k2_m181_ell2_eps0.25_kappa1.0_rho0.4.npz,/Users/julian/CodingProjects/UniT3/QuarticSpeedupK-XOR/logs/final_problem_set/kxor_instance_n23_k2_m181_ell2_eps0.25_kappa1.0_rho0.4.log,23,181,False,23,0.40331491712707185,0.043478260869565216,0.9130434782608695
/Users/julian/CodingProjects/UniT3/QuarticSpeedupK-XOR/z_Daphne/data/final_problem_set/kxor_instance_n23_k2_m181_ell2_eps0.25_kappa1.0_rho0.6.npz,/Users/julian/CodingProjects/UniT3/QuarticSpeedupK-XOR/logs/final_problem_set/kxor_instance_n23_k2_m181_ell2_eps0.25_kappa1.0_rho0.6.log,23,181,False,23,0.569060773480663,0.0,1.0
/Users/julian/CodingProjects/UniT3/QuarticSpeedupK-XOR/z_Daphne/data/final_problem_set/kxor_instance_n23_k2_m181_ell2_eps0.25_kappa1.0_rho0.8.npz,/Users/julian/CodingProjects/UniT3/QuarticSpeedupK-XOR/logs/final_problem_set/kxor_instance_n23_k2_m181_ell2_eps0.25_kappa1.0_rho0.8.log,23,181,False,23,0.8453038674033149,0.0,1.0
/Users/julian/CodingProjects/UniT3/QuarticSpeedupK-XOR/z_Daphne/data/final_problem_set/kxor_instance_n23_k2_m181_ell2_eps0.25_kappa1.0_rho1.0.npz,/Users/julian/CodingProjects/UniT3/QuarticSpeedupK-XOR/logs/final_problem_set/kxor_instance_n23_k2_m181_ell2_eps0.25_kappa1.0_rho1.0.log,23,181,False,23,1.0,0.0,1.0
/Users/julian/CodingProjects/UniT3/QuarticSpeedupK-XOR/z_Daphne/data/final_problem_set/kxor_instance_n23_k2_m188_ell2_eps0.3_kappa1.0_rho0.0.npz,/Users/julian/CodingProjects/UniT3/QuarticSpeedupK-XOR/logs/final_problem_set/kxor_instance_n23_k2_m188_ell2_eps0.3_kappa1.0_rho0.0.log,23,188,False,23,0.24468085106382978,,
/Users/julian/CodingProjects/UniT3/QuarticSpeedupK-XOR/z_Daphne/data/final_problem_set/kxor_instance_n23_k2_m188_ell2_eps0.3_kappa1.0_rho0.2.npz,/Users/julian/CodingProjects/UniT3/QuarticSpeedupK-XOR/logs/final_problem_set/kxor_instance_n23_k2_m188_ell2_eps0.3_kappa1.0_rho0.2.log,23,188,False,23,0.24468085106382978,0.43478260869565216,0.13043478260869565
/Users/julian/CodingProjects/UniT3/QuarticSpeedupK-XOR/z_Daphne/data/final_problem_set/kxor_instance_n23_k2_m188_ell2_eps0.3_kappa1.0_rho0.4.npz,/Users/julian/CodingProjects/UniT3/QuarticSpeedupK-XOR/logs/final_problem_set/kxor_instance_n23_k2_m188_ell2_eps0.3_kappa1.0_rho0.4.log,23,188,False,23,0.3617021276595745,0.13043478260869565,0.7391304347826086
/Users/julian/CodingProjects/UniT3/QuarticSpeedupK-XOR/z_Daphne/data/final_problem_set/kxor_instance_n23_k2_m188_ell2_eps0.3_kappa1.0_rho0.6.npz,/Users/julian/CodingProjects/UniT3/QuarticSpeedupK-XOR/logs/final_problem_set/kxor_instance_n23_k2_m188_ell2_eps0.3_kappa1.0_rho0.6.log,23,188,False,23,0.648936170212766,0.0,1.0
/Users/julian/CodingProjects/UniT3/QuarticSpeedupK-XOR/z_Daphne/data/final_problem_set/kxor_instance_n23_k2_m188_ell2_eps0.3_kappa1.0_rho0.8.npz,/Users/julian/CodingProjects/UniT3/QuarticSpeedupK-XOR/logs/final_problem_set/kxor_instance_n23_k2_m188_ell2_eps0.3_kappa1.0_rho0.8.log,23,188,False,23,0.851063829787234,0.0,1.0
/Users/julian/CodingProjects/UniT3/QuarticSpeedupK-XOR/z_Daphne/data/final_problem_set/kxor_instance_n23_k2_m188_ell2_eps0.3_kappa1.0_rho1.0.npz,/Users/julian/CodingProjects/UniT3/QuarticSpeedupK-XOR/logs/final_problem_set/kxor_instance_n23_k2_m188_ell2_eps0.3_kappa1.0_rho1.0.log,23,188,False,23,1.0,0.0,1.0
/Users/julian/CodingProjects/UniT3/QuarticSpeedupK-XOR/z_Daphne/data/final_problem_set/kxor_instance_n23_k2_m204_ell2_eps0.15_kappa0.875_rho0.0.npz,/Users/julian/CodingProjects/UniT3/QuarticSpeedupK-XOR/logs/final_problem_set/kxor_instance_n23_k2_m204_ell2_eps0.15_kappa0.875_rho0.0.log,23,204,False,23,0.2647058823529412,,
/Users/julian/CodingProjects/UniT3/QuarticSpeedupK-XOR/z_Daphne/data/final_problem_set/kxor_instance_n23_k2_m204_ell2_eps0.15_kappa0.875_rho0.2.npz,/Users/julian/CodingProjects/UniT3/QuarticSpeedupK-XOR/logs/final_problem_set/kxor_instance_n23_k2_m204_ell2_eps0.15_kappa0.875_rho0.2.log,23,204,False,23,0.2549019607843137,0.043478260869565216,0.9130434782608695
/Users/julian/CodingProjects/UniT3/QuarticSpeedupK-XOR/z_Daphne/data/final_problem_set/kxor_instance_n23_k2_m204_ell2_eps0.15_kappa0.875_rho0.4.npz,/Users/julian/CodingProjects/UniT3/QuarticSpeedupK-XOR/logs/final_problem_set/kxor_instance_n23_k2_m204_ell2_eps0.15_kappa0.875_rho0.4.log,23,204,False,23,0.24509803921568626,0.30434782608695654,0.391304347826087
/Users/julian/CodingProjects/UniT3/QuarticSpeedupK-XOR/z_Daphne/data/final_problem_set/kxor_instance_n23_k2_m204_ell2_eps0.15_kappa0.875_rho0.6.npz,/Users/julian/CodingProjects/UniT3/QuarticSpeedupK-XOR/logs/final_problem_set/kxor_instance_n23_k2_m204_ell2_eps0.15_kappa0.875_rho0.6.log,23,204,False,23,0.6470588235294118,0.0,1.0
/Users/julian/CodingProjects/UniT3/QuarticSpeedupK-XOR/z_Daphne/data/final_problem_set/kxor_instance_n23_k2_m204_ell2_eps0.15_kappa0.875_rho0.8.npz,/Users/julian/CodingProjects/UniT3/QuarticSpeedupK-XOR/logs/final_problem_set/kxor_instance_n23_k2_m204_ell2_eps0.15_kappa0.875_rho0.8.log,23,204,False,23,0.7843137254901961,0.0,1.0
/Users/julian/CodingProjects/UniT3/QuarticSpeedupK-XOR/z_Daphne/data/final_problem_set/kxor_instance_n23_k2_m204_ell2_eps0.15_kappa0.875_rho1.0.npz,/Users/julian/CodingProjects/UniT3/QuarticSpeedupK-XOR/logs/final_problem_set/kxor_instance_n23_k2_m204_ell2_eps0.15_kappa0.875_rho1.0.log,23,204,False,23,1.0,0.0,1.0
/Users/julian/CodingProjects/UniT3/QuarticSpeedupK-XOR/z_Daphne/data/final_problem_set/kxor_instance_n23_k2_m212_ell2_eps0.2_kappa0.875_rho0.0.npz,/Users/julian/CodingProjects/UniT3/QuarticSpeedupK-XOR/logs/final_problem_set/kxor_instance_n23_k2_m212_ell2_eps0.2_kappa0.875_rho0.0.log,23,212,False,23,0.2830188679245283,,
/Users/julian/CodingProjects/UniT3/QuarticSpeedupK-XOR/z_Daphne/data/final_problem_set/kxor_instance_n23_k2_m212_ell2_eps0.2_kappa0.875_rho0.2.npz,/Users/julian/CodingProjects/UniT3/QuarticSpeedupK-XOR/logs/final_problem_set/kxor_instance_n23_k2_m212_ell2_eps0.2_kappa0.875_rho0.2.log,23,212,False,23,0.25471698113207547,0.391304347826087,0.21739130434782608
/Users/julian/CodingProjects/UniT3/QuarticSpeedupK-XOR/z_Daphne/data/final_problem_set/kxor_instance_n23_k2_m212_ell2_eps0.2_kappa0.875_rho0.4.npz,/Users/julian/CodingProjects/UniT3/QuarticSpeedupK-XOR/logs/final_problem_set/kxor_instance_n23_k2_m212_ell2_eps0.2_kappa0.875_rho0.4.log,23,212,False,23,0.2358490566037736,0.17391304347826086,0.6521739130434783
/Users/julian/CodingProjects/UniT3/QuarticSpeedupK-XOR/z_Daphne/data/final_problem_set/kxor_instance_n23_k2_m212_ell2_eps0.2_kappa0.875_rho0.6.npz,/Users/julian/CodingProjects/UniT3/QuarticSpeedupK-XOR/logs/final_problem_set/kxor_instance_n23_k2_m212_ell2_eps0.2_kappa0.875_rho0.6.log,23,212,False,23,0.6320754716981132,0.0,1.0
/Users/julian/CodingProjects/UniT3/QuarticSpeedupK-XOR/z_Daphne/data/final_problem_set/kxor_instance_n23_k2_m212_ell2_eps0.2_kappa0.875_rho0.8.npz,/Users/julian/CodingProjects/UniT3/QuarticSpeedupK-XOR/logs/final_problem_set/kxor_instance_n23_k2_m212_ell2_eps0.2_kappa0.875_rho0.8.log,23,212,False,23,0.8679245283018868,0.0,1.0
/Users/julian/CodingProjects/UniT3/QuarticSpeedupK-XOR/z_Daphne/data/final_problem_set/kxor_instance_n23_k2_m212_ell2_eps0.2_kappa0.875_rho1.0.npz,/Users/julian/CodingProjects/UniT3/QuarticSpeedupK-XOR/logs/final_problem_set/kxor_instance_n23_k2_m212_ell2_eps0.2_kappa0.875_rho1.0.log,23,212,False,23,1.0,0.0,1.0
/Users/julian/CodingProjects/UniT3/QuarticSpeedupK-XOR/z_Daphne/data/final_problem_set/kxor_instance_n23_k2_m221_ell2_eps0.25_kappa0.875_rho0.0.npz,/Users/julian/CodingProjects/UniT3/QuarticSpeedupK-XOR/logs/final_problem_set/kxor_instance_n23_k2_m221_ell2_eps0.25_kappa0.875_rho0.0.log,23,221,False,23,0.3031674208144796,,
/Users/julian/CodingProjects/UniT3/QuarticSpeedupK-XOR/z_Daphne/data/final_problem_set/kxor_instance_n23_k2_m221_ell2_eps0.25_kappa0.875_rho0.2.npz,/Users/julian/CodingProjects/UniT3/QuarticSpeedupK-XOR/logs/final_problem_set/kxor_instance_n23_k2_m221_ell2_eps0.25_kappa0.875_rho0.2.log,23,221,False,23,0.27601809954751133,0.2608695652173913,0.4782608695652174
/Users/julian/CodingProjects/UniT3/QuarticSpeedupK-XOR/z_Daphne/data/final_problem_set/kxor_instance_n23_k2_m221_ell2_eps0.25_kappa0.875_rho0.4.npz,/Users/julian/CodingProjects/UniT3/QuarticSpeedupK-XOR/logs/final_problem_set/kxor_instance_n23_k2_m221_ell2_eps0.25_kappa0.875_rho0.4.log,23,221,False,23,0.4479638009049774,0.0,1.0
/Users/julian/CodingProjects/UniT3/QuarticSpeedupK-XOR/z_Daphne/data/final_problem_set/kxor_instance_n23_k2_m221_ell2_eps0.25_kappa0.875_rho0.6.npz,/Users/julian/CodingProjects/UniT3/QuarticSpeedupK-XOR/logs/final_problem_set/kxor_instance_n23_k2_m221_ell2_eps0.25_kappa0.875_rho0.6.log,23,221,False,23,0.5113122171945701,0.043478260869565216,0.9130434782608695
/Users/julian/CodingProjects/UniT3/QuarticSpeedupK-XOR/z_Daphne/data/final_problem_set/kxor_instance_n23_k2_m221_ell2_eps0.25_kappa0.875_rho0.8.npz,/Users/julian/CodingProjects/UniT3/QuarticSpeedupK-XOR/logs/final_problem_set/kxor_instance_n23_k2_m221_ell2_eps0.25_kappa0.875_rho0.8.log,23,221,False,23,0.746606334841629,0.0,1.0
/Users/julian/CodingProjects/UniT3/QuarticSpeedupK-XOR/z_Daphne/data/final_problem_set/kxor_instance_n23_k2_m221_ell2_eps0.25_kappa0.875_rho1.0.npz,/Users/julian/CodingProjects/UniT3/QuarticSpeedupK-XOR/logs/final_problem_set/kxor_instance_n23_k2_m221_ell2_eps0.25_kappa0.875_rho1.0.log,23,221,False,23,1.0,0.0,1.0
/Users/julian/CodingProjects/UniT3/QuarticSpeedupK-XOR/z_Daphne/data/final_problem_set/kxor_instance_n23_k2_m230_ell2_eps0.3_kappa0.875_rho0.0.npz,/Users/julian/CodingProjects/UniT3/QuarticSpeedupK-XOR/logs/final_problem_set/kxor_instance_n23_k2_m230_ell2_eps0.3_kappa0.875_rho0.0.log,23,230,False,23,0.26956521739130435,,
/Users/julian/CodingProjects/UniT3/QuarticSpeedupK-XOR/z_Daphne/data/final_problem_set/kxor_instance_n23_k2_m230_ell2_eps0.3_kappa0.875_rho0.2.npz,/Users/julian/CodingProjects/UniT3/QuarticSpeedupK-XOR/logs/final_problem_set/kxor_instance_n23_k2_m230_ell2_eps0.3_kappa0.875_rho0.2.log,23,230,False,23,0.2956521739130435,0.08695652173913043,0.8260869565217391
/Users/julian/CodingProjects/UniT3/QuarticSpeedupK-XOR/z_Daphne/data/final_problem_set/kxor_instance_n23_k2_m230_ell2_eps0.3_kappa0.875_rho0.4.npz,/Users/julian/CodingProjects/UniT3/QuarticSpeedupK-XOR/logs/final_problem_set/kxor_instance_n23_k2_m230_ell2_eps0.3_kappa0.875_rho0.4.log,23,230,False,23,0.1826086956521739,0.34782608695652173,0.30434782608695654
/Users/julian/CodingProjects/UniT3/QuarticSpeedupK-XOR/z_Daphne/data/final_problem_set/kxor_instance_n23_k2_m230_ell2_eps0.3_kappa0.875_rho0.6.npz,/Users/julian/CodingProjects/UniT3/QuarticSpeedupK-XOR/logs/final_problem_set/kxor_instance_n23_k2_m230_ell2_eps0.3_kappa0.875_rho0.6.log,23,230,False,23,0.5130434782608696,0.0,1.0
/Users/julian/CodingProjects/UniT3/QuarticSpeedupK-XOR/z_Daphne/data/final_problem_set/kxor_instance_n23_k2_m230_ell2_eps0.3_kappa0.875_rho0.8.npz,/Users/julian/CodingProjects/UniT3/QuarticSpeedupK-XOR/logs/final_problem_set/kxor_instance_n23_k2_m230_ell2_eps0.3_kappa0.875_rho0.8.log,23,230,False,23,0.8,0.0,1.0
/Users/julian/CodingProjects/UniT3/QuarticSpeedupK-XOR/z_Daphne/data/final_problem_set/kxor_instance_n23_k2_m230_ell2_eps0.3_kappa0.875_rho1.0.npz,/Users/julian/CodingProjects/UniT3/QuarticSpeedupK-XOR/logs/final_problem_set/kxor_instance_n23_k2_m230_ell2_eps0.3_kappa0.875_rho1.0.log,23,230,False,23,1.0,0.0,1.0
/Users/julian/CodingProjects/UniT3/QuarticSpeedupK-XOR/z_Daphne/data/final_problem_set/kxor_instance_n24_k2_m176_ell2_eps0.15_kappa1.0_rho0.0.npz,/Users/julian/CodingProjects/UniT3/QuarticSpeedupK-XOR/logs/final_problem_set/kxor_instance_n24_k2_m176_ell2_eps0.15_kappa1.0_rho0.0.log,24,176,False,24,0.3181818181818182,,
/Users/julian/CodingProjects/UniT3/QuarticSpeedupK-XOR/z_Daphne/data/final_problem_set/kxor_instance_n24_k2_m176_ell2_eps0.15_kappa1.0_rho0.2.npz,/Users/julian/CodingProjects/UniT3/QuarticSpeedupK-XOR/logs/final_problem_set/kxor_instance_n24_k2_m176_ell2_eps0.15_kappa1.0_rho0.2.log,24,176,False,24,0.3181818181818182,0.16666666666666666,0.6666666666666666
/Users/julian/CodingProjects/UniT3/QuarticSpeedupK-XOR/z_Daphne/data/final_problem_set/kxor_instance_n24_k2_m176_ell2_eps0.15_kappa1.0_rho0.4.npz,/Users/julian/CodingProjects/UniT3/QuarticSpeedupK-XOR/logs/final_problem_set/kxor_instance_n24_k2_m176_ell2_eps0.15_kappa1.0_rho0.4.log,24,176,False,24,0.3068181818181818,0.20833333333333334,0.5833333333333334
/Users/julian/CodingProjects/UniT3/QuarticSpeedupK-XOR/z_Daphne/data/final_problem_set/kxor_instance_n24_k2_m176_ell2_eps0.15_kappa1.0_rho0.6.npz,/Users/julian/CodingProjects/UniT3/QuarticSpeedupK-XOR/logs/final_problem_set/kxor_instance_n24_k2_m176_ell2_eps0.15_kappa1.0_rho0.6.log,24,176,False,24,0.6477272727272727,0.0,1.0
/Users/julian/CodingProjects/UniT3/QuarticSpeedupK-XOR/z_Daphne/data/final_problem_set/kxor_instance_n24_k2_m176_ell2_eps0.15_kappa1.0_rho0.8.npz,/Users/julian/CodingProjects/UniT3/QuarticSpeedupK-XOR/logs/final_problem_set/kxor_instance_n24_k2_m176_ell2_eps0.15_kappa1.0_rho0.8.log,24,176,False,24,0.8068181818181818,0.0,1.0
/Users/julian/CodingProjects/UniT3/QuarticSpeedupK-XOR/z_Daphne/data/final_problem_set/kxor_instance_n24_k2_m176_ell2_eps0.15_kappa1.0_rho1.0.npz,/Users/julian/CodingProjects/UniT3/QuarticSpeedupK-XOR/logs/final_problem_set/kxor_instance_n24_k2_m176_ell2_eps0.15_kappa1.0_rho1.0.log,24,176,False,24,1.0,0.0,1.0
/Users/julian/CodingProjects/UniT3/QuarticSpeedupK-XOR/z_Daphne/data/final_problem_set/kxor_instance_n24_k2_m184_ell2_eps0.2_kappa1.0_rho0.0.npz,/Users/julian/CodingProjects/UniT3/QuarticSpeedupK-XOR/logs/final_problem_set/kxor_instance_n24_k2_m184_ell2_eps0.2_kappa1.0_rho0.0.log,24,184,False,24,0.30434782608695654,,
/Users/julian/CodingProjects/UniT3/QuarticSpeedupK-XOR/z_Daphne/data/final_problem_set/kxor_instance_n24_k2_m184_ell2_eps0.2_kappa1.0_rho0.2.npz,/Users/julian/CodingProjects/UniT3/QuarticSpeedupK-XOR/logs/final_problem_set/kxor_instance_n24_k2_m184_ell2_eps0.2_kappa1.0_rho0.2.log,24,184,False,24,0.2826086956521739,0.375,0.25
/Users/julian/CodingProjects/UniT3/QuarticSpeedupK-XOR/z_Daphne/data/final_problem_set/kxor_instance_n24_k2_m184_ell2_eps0.2_kappa1.0_rho0.4.npz,/Users/julian/CodingProjects/UniT3/QuarticSpeedupK-XOR/logs/final_problem_set/kxor_instance_n24_k2_m184_ell2_eps0.2_kappa1.0_rho0.4.log,24,184,False,24,0.4673913043478261,0.0,1.0
/Users/julian/CodingProjects/UniT3/QuarticSpeedupK-XOR/z_Daphne/data/final_problem_set/kxor_instance_n24_k2_m184_ell2_eps0.2_kappa1.0_rho0.6.npz,/Users/julian/CodingProjects/UniT3/QuarticSpeedupK-XOR/logs/final_problem_set/kxor_instance_n24_k2_m184_ell2_eps0.2_kappa1.0_rho0.6.log,24,184,False,24,0.5434782608695652,0.08333333333333333,0.8333333333333334
/Users/julian/CodingProjects/UniT3/QuarticSpeedupK-XOR/z_Daphne/data/final_problem_set/kxor_instance_n24_k2_m184_ell2_eps0.2_kappa1.0_rho0.8.npz,/Users/julian/CodingProjects/UniT3/QuarticSpeedupK-XOR/logs/final_problem_set/kxor_instance_n24_k2_m184_ell2_eps0.2_kappa1.0_rho0.8.log,24,184,False,24,0.7934782608695652,0.0,1.0
/Users/julian/CodingProjects/UniT3/QuarticSpeedupK-XOR/z_Daphne/data/final_problem_set/kxor_instance_n24_k2_m184_ell2_eps0.2_kappa1.0_rho1.0.npz,/Users/julian/CodingProjects/UniT3/QuarticSpeedupK-XOR/logs/final_problem_set/kxor_instance_n24_k2_m184_ell2_eps0.2_kappa1.0_rho1.0.log,24,184,False,24,1.0,0.0,1.0
/Users/julian/CodingProjects/UniT3/QuarticSpeedupK-XOR/z_Daphne/data/final_problem_set/kxor_instance_n24_k2_m191_ell2_eps0.25_kappa1.0_rho0.0.npz,/Users/julian/CodingProjects/UniT3/QuarticSpeedupK-XOR/logs/final_problem_set/kxor_instance_n24_k2_m191_ell2_eps0.25_kappa1.0_rho0.0.log,24,191,False,24,0.225130890052356,,
/Users/julian/CodingProjects/UniT3/QuarticSpeedupK-XOR/z_Daphne/data/final_problem_set/kxor_instance_n24_k2_m191_ell2_eps0.25_kappa1.0_rho0.2.npz,/Users/julian/CodingProjects/UniT3/QuarticSpeedupK-XOR/logs/final_problem_set/kxor_instance_n24_k2_m191_ell2_eps0.25_kappa1.0_rho0.2.log,24,191,False,24,0.2879581151832461,0.4583333333333333,0.08333333333333333
/Users/julian/CodingProjects/UniT3/QuarticSpeedupK-XOR/z_Daphne/data/final_problem_set/kxor_instance_n24_k2_m191_ell2_eps0.25_kappa1.0_rho0.4.npz,/Users/julian/CodingProjects/UniT3/QuarticSpeedupK-XOR/logs/final_problem_set/kxor_instance_n24_k2_m191_ell2_eps0.25_kappa1.0_rho0.4.log,24,191,False,24,0.3193717277486911,0.16666666666666666,0.6666666666666666
/Users/julian/CodingProjects/UniT3/QuarticSpeedupK-XOR/z_Daphne/data/final_problem_set/kxor_instance_n24_k2_m191_ell2_eps0.25_kappa1.0_rho0.6.npz,/Users/julian/CodingProjects/UniT3/QuarticSpeedupK-XOR/logs/final_problem_set/kxor_instance_n24_k2_m191_ell2_eps0.25_kappa1.0_rho0.6.log,24,191,False,24,0.5706806282722513,0.0,1.0
/Users/julian/CodingProjects/UniT3/QuarticSpeedupK-XOR/z_Daphne/data/final_problem_set/kxor_instance_n24_k2_m191_ell2_eps0.25_kappa1.0_rho0.8.npz,/Users/julian/CodingProjects/UniT3/QuarticSpeedupK-XOR/logs/final_problem_set/kxor_instance_n24_k2_m191_ell2_eps0.25_kappa1.0_rho0.8.log,24,191,False,24,0.7905759162303665,0.0,1.0
/Users/julian/CodingProjects/UniT3/QuarticSpeedupK-XOR/z_Daphne/data/final_problem_set/kxor_instance_n24_k2_m191_ell2_eps0.25_kappa1.0_rho1.0.npz,/Users/julian/CodingProjects/UniT3/QuarticSpeedupK-XOR/logs/final_problem_set/kxor_instance_n24_k2_m191_ell2_eps0.25_kappa1.0_rho1.0.log,24,191,False,24,1.0,0.0,1.0
/Users/julian/CodingProjects/UniT3/QuarticSpeedupK-XOR/z_Daphne/data/final_problem_set/kxor_instance_n24_k2_m199_ell2_eps0.3_kappa1.0_rho0.0.npz,/Users/julian/CodingProjects/UniT3/QuarticSpeedupK-XOR/logs/final_problem_set/kxor_instance_n24_k2_m199_ell2_eps0.3_kappa1.0_rho0.0.log,24,199,False,24,0.23618090452261306,,
/Users/julian/CodingProjects/UniT3/QuarticSpeedupK-XOR/z_Daphne/data/final_problem_set/kxor_instance_n24_k2_m199_ell2_eps0.3_kappa1.0_rho0.2.npz,/Users/julian/CodingProjects/UniT3/QuarticSpeedupK-XOR/logs/final_problem_set/kxor_instance_n24_k2_m199_ell2_eps0.3_kappa1.0_rho0.2.log,24,199,False,24,0.22613065326633167,0.4583333333333333,0.08333333333333333
/Users/julian/CodingProjects/UniT3/QuarticSpeedupK-XOR/z_Daphne/data/final_problem_set/kxor_instance_n24_k2_m199_ell2_eps0.3_kappa1.0_rho0.4.npz,/Users/julian/CodingProjects/UniT3/QuarticSpeedupK-XOR/logs/final_problem_set/kxor_instance_n24_k2_m199_ell2_eps0.3_kappa1.0_rho0.4.log,24,199,False,24,0.35678391959798994,0.16666666666666666,0.6666666666666666
/Users/julian/CodingProjects/UniT3/QuarticSpeedupK-XOR/z_Daphne/data/final_problem_set/kxor_instance_n24_k2_m199_ell2_eps0.3_kappa1.0_rho0.6.npz,/Users/julian/CodingProjects/UniT3/QuarticSpeedupK-XOR/logs/final_problem_set/kxor_instance_n24_k2_m199_ell2_eps0.3_kappa1.0_rho0.6.log,24,199,False,24,0.5678391959798995,0.0,1.0
/Users/julian/CodingProjects/UniT3/QuarticSpeedupK-XOR/z_Daphne/data/final_problem_set/kxor_instance_n24_k2_m199_ell2_eps0.3_kappa1.0_rho0.8.npz,/Users/julian/CodingProjects/UniT3/QuarticSpeedupK-XOR/logs/final_problem_set/kxor_instance_n24_k2_m199_ell2_eps0.3_kappa1.0_rho0.8.log,24,199,False,24,0.7889447236180904,0.0,1.0
/Users/julian/CodingProjects/UniT3/QuarticSpeedupK-XOR/z_Daphne/data/final_problem_set/kxor_instance_n24_k2_m199_ell2_eps0.3_kappa1.0_rho1.0.npz,/Users/julian/CodingProjects/UniT3/QuarticSpeedupK-XOR/logs/final_problem_set/kxor_instance_n24_k2_m199_ell2_eps0.3_kappa1.0_rho1.0.log,24,199,False,24,1.0,0.0,1.0
/Users/julian/CodingProjects/UniT3/QuarticSpeedupK-XOR/z_Daphne/data/final_problem_set/kxor_instance_n24_k2_m215_ell2_eps0.15_kappa0.875_rho0.0.npz,/Users/julian/CodingProjects/UniT3/QuarticSpeedupK-XOR/logs/final_problem_set/kxor_instance_n24_k2_m215_ell2_eps0.15_kappa0.875_rho0.0.log,24,215,False,24,0.3488372093023256,,
/Users/julian/CodingProjects/UniT3/QuarticSpeedupK-XOR/z_Daphne/data/final_problem_set/kxor_instance_n24_k2_m215_ell2_eps0.15_kappa0.875_rho0.2.npz,/Users/julian/CodingProjects/UniT3/QuarticSpeedupK-XOR/logs/final_problem_set/kxor_instance_n24_k2_m215_ell2_eps0.15_kappa0.875_rho0.2.log,24,215,False,24,0.3302325581395349,0.20833333333333334,0.5833333333333334
/Users/julian/CodingProjects/UniT3/QuarticSpeedupK-XOR/z_Daphne/data/final_problem_set/kxor_instance_n24_k2_m215_ell2_eps0.15_kappa0.875_rho0.4.npz,/Users/julian/CodingProjects/UniT3/QuarticSpeedupK-XOR/logs/final_problem_set/kxor_instance_n24_k2_m215_ell2_eps0.15_kappa0.875_rho0.4.log,24,215,False,24,0.413953488372093,0.08333333333333333,0.8333333333333334
/Users/julian/CodingProjects/UniT3/QuarticSpeedupK-XOR/z_Daphne/data/final_problem_set/kxor_instance_n24_k2_m215_ell2_eps0.15_kappa0.875_rho0.6.npz,/Users/julian/CodingProjects/UniT3/QuarticSpeedupK-XOR/logs/final_problem_set/kxor_instance_n24_k2_m215_ell2_eps0.15_kappa0.875_rho0.6.log,24,215,False,24,0.5534883720930233,0.08333333333333333,0.8333333333333334
/Users/julian/CodingProjects/UniT3/QuarticSpeedupK-XOR/z_Daphne/data/final_problem_set/kxor_instance_n24_k2_m215_ell2_eps0.15_kappa0.875_rho0.8.npz,/Users/julian/CodingProjects/UniT3/QuarticSpeedupK-XOR/logs/final_problem_set/kxor_instance_n24_k2_m215_ell2_eps0.15_kappa0.875_rho0.8.log,24,215,False,24,0.7581395348837209,0.0,1.0
/Users/julian/CodingProjects/UniT3/QuarticSpeedupK-XOR/z_Daphne/data/final_problem_set/kxor_instance_n24_k2_m215_ell2_eps0.15_kappa0.875_rho1.0.npz,/Users/julian/CodingProjects/UniT3/QuarticSpeedupK-XOR/logs/final_problem_set/kxor_instance_n24_k2_m215_ell2_eps0.15_kappa0.875_rho1.0.log,24,215,False,24,1.0,0.0,1.0
/Users/julian/CodingProjects/UniT3/QuarticSpeedupK-XOR/z_Daphne/data/final_problem_set/kxor_instance_n24_k2_m225_ell2_eps0.2_kappa0.875_rho0.0.npz,/Users/julian/CodingProjects/UniT3/QuarticSpeedupK-XOR/logs/final_problem_set/kxor_instance_n24_k2_m225_ell2_eps0.2_kappa0.875_rho0.0.log,24,225,False,24,0.25333333333333335,,
/Users/julian/CodingProjects/UniT3/QuarticSpeedupK-XOR/z_Daphne/data/final_problem_set/kxor_instance_n24_k2_m225_ell2_eps0.2_kappa0.875_rho0.2.npz,/Users/julian/CodingProjects/UniT3/QuarticSpeedupK-XOR/logs/final_problem_set/kxor_instance_n24_k2_m225_ell2_eps0.2_kappa0.875_rho0.2.log,24,225,False,24,0.27111111111111114,0.20833333333333334,0.5833333333333334
/Users/julian/CodingProjects/UniT3/QuarticSpeedupK-XOR/z_Daphne/data/final_problem_set/kxor_instance_n24_k2_m225_ell2_eps0.2_kappa0.875_rho0.4.npz,/Users/julian/CodingProjects/UniT3/QuarticSpeedupK-XOR/logs/final_problem_set/kxor_instance_n24_k2_m225_ell2_eps0.2_kappa0.875_rho0.4.log,24,225,False,24,0.37777777777777777,0.041666666666666664,0.9166666666666666
/Users/julian/CodingProjects/UniT3/QuarticSpeedupK-XOR/z_Daphne/data/final_problem_set/kxor_instance_n24_k2_m225_ell2_eps0.2_kappa0.875_rho0.6.npz,/Users/julian/CodingProjects/UniT3/QuarticSpeedupK-XOR/logs/final_problem_set/kxor_instance_n24_k2_m225_ell2_eps0.2_kappa0.875_rho0.6.log,24,225,False,24,0.6355555555555555,0.0,1.0
/Users/julian/CodingProjects/UniT3/QuarticSpeedupK-XOR/z_Daphne/data/final_problem_set/kxor_instance_n24_k2_m225_ell2_eps0.2_kappa0.875_rho0.8.npz,/Users/julian/CodingProjects/UniT3/QuarticSpeedupK-XOR/logs/final_problem_set/kxor_instance_n24_k2_m225_ell2_eps0.2_kappa0.875_rho0.8.log,24,225,False,24,0.8133333333333334,0.0,1.0
/Users/julian/CodingProjects/UniT3/QuarticSpeedupK-XOR/z_Daphne/data/final_problem_set/kxor_instance_n24_k2_m225_ell2_eps0.2_kappa0.875_rho1.0.npz,/Users/julian/CodingProjects/UniT3/QuarticSpeedupK-XOR/logs/final_problem_set/kxor_instance_n24_k2_m225_ell2_eps0.2_kappa0.875_rho1.0.log,24,225,False,24,1.0,0.0,1.0
/Users/julian/CodingProjects/UniT3/QuarticSpeedupK-XOR/z_Daphne/data/final_problem_set/kxor_instance_n24_k2_m234_ell2_eps0.25_kappa0.875_rho0.0.npz,/Users/julian/CodingProjects/UniT3/QuarticSpeedupK-XOR/logs/final_problem_set/kxor_instance_n24_k2_m234_ell2_eps0.25_kappa0.875_rho0.0.log,24,234,False,24,0.17094017094017094,,
/Users/julian/CodingProjects/UniT3/QuarticSpeedupK-XOR/z_Daphne/data/final_problem_set/kxor_instance_n24_k2_m234_ell2_eps0.25_kappa0.875_rho0.2.npz,/Users/julian/CodingProjects/UniT3/QuarticSpeedupK-XOR/logs/final_problem_set/kxor_instance_n24_k2_m234_ell2_eps0.25_kappa0.875_rho0.2.log,24,234,False,24,0.21367521367521367,0.3333333333333333,0.3333333333333333
/Users/julian/CodingProjects/UniT3/QuarticSpeedupK-XOR/z_Daphne/data/final_problem_set/kxor_instance_n24_k2_m234_ell2_eps0.25_kappa0.875_rho0.4.npz,/Users/julian/CodingProjects/UniT3/QuarticSpeedupK-XOR/logs/final_problem_set/kxor_instance_n24_k2_m234_ell2_eps0.25_kappa0.875_rho0.4.log,24,234,False,24,0.18803418803418803,0.2916666666666667,0.4166666666666667
/Users/julian/CodingProjects/UniT3/QuarticSpeedupK-XOR/z_Daphne/data/final_problem_set/kxor_instance_n24_k2_m234_ell2_eps0.25_kappa0.875_rho0.6.npz,/Users/julian/CodingProjects/UniT3/QuarticSpeedupK-XOR/logs/final_problem_set/kxor_instance_n24_k2_m234_ell2_eps0.25_kappa0.875_rho0.6.log,24,234,False,24,0.5384615384615384,0.0,1.0
/Users/julian/CodingProjects/UniT3/QuarticSpeedupK-XOR/z_Daphne/data/final_problem_set/kxor_instance_n24_k2_m234_ell2_eps0.25_kappa0.875_rho0.8.npz,/Users/julian/CodingProjects/UniT3/QuarticSpeedupK-XOR/logs/final_problem_set/kxor_instance_n24_k2_m234_ell2_eps0.25_kappa0.875_rho0.8.log,24,234,False,24,0.7948717948717948,0.0,1.0
/Users/julian/CodingProjects/UniT3/QuarticSpeedupK-XOR/z_Daphne/data/final_problem_set/kxor_instance_n24_k2_m234_ell2_eps0.25_kappa0.875_rho1.0.npz,/Users/julian/CodingProjects/UniT3/QuarticSpeedupK-XOR/logs/final_problem_set/kxor_instance_n24_k2_m234_ell2_eps0.25_kappa0.875_rho1.0.log,24,234,False,24,1.0,0.0,1.0
/Users/julian/CodingProjects/UniT3/QuarticSpeedupK-XOR/z_Daphne/data/final_problem_set/kxor_instance_n24_k2_m243_ell2_eps0.3_kappa0.875_rho0.0.npz,/Users/julian/CodingProjects/UniT3/QuarticSpeedupK-XOR/logs/final_problem_set/kxor_instance_n24_k2_m243_ell2_eps0.3_kappa0.875_rho0.0.log,24,243,False,24,0.22633744855967078,,
/Users/julian/CodingProjects/UniT3/QuarticSpeedupK-XOR/z_Daphne/data/final_problem_set/kxor_instance_n24_k2_m243_ell2_eps0.3_kappa0.875_rho0.2.npz,/Users/julian/CodingProjects/UniT3/QuarticSpeedupK-XOR/logs/final_problem_set/kxor_instance_n24_k2_m243_ell2_eps0.3_kappa0.875_rho0.2.log,24,243,False,24,0.20987654320987653,0.16666666666666666,0.6666666666666666
/Users/julian/CodingProjects/UniT3/QuarticSpeedupK-XOR/z_Daphne/data/final_problem_set/kxor_instance_n24_k2_m243_ell2_eps0.3_kappa0.875_rho0.4.npz,/Users/julian/CodingProjects/UniT3/QuarticSpeedupK-XOR/logs/final_problem_set/kxor_instance_n24_k2_m243_ell2_eps0.3_kappa0.875_rho0.4.log,24,243,False,24,0.4732510288065844,0.0,1.0
/Users/julian/CodingProjects/UniT3/QuarticSpeedupK-XOR/z_Daphne/data/final_problem_set/kxor_instance_n24_k2_m243_ell2_eps0.3_kappa0.875_rho0.6.npz,/Users/julian/CodingProjects/UniT3/QuarticSpeedupK-XOR/logs/final_problem_set/kxor_instance_n24_k2_m243_ell2_eps0.3_kappa0.875_rho0.6.log,24,243,False,24,0.5308641975308642,0.041666666666666664,0.9166666666666666
/Users/julian/CodingProjects/UniT3/QuarticSpeedupK-XOR/z_Daphne/data/final_problem_set/kxor_instance_n24_k2_m243_ell2_eps0.3_kappa0.875_rho0.8.npz,/Users/julian/CodingProjects/UniT3/QuarticSpeedupK-XOR/logs/final_problem_set/kxor_instance_n24_k2_m243_ell2_eps0.3_kappa0.875_rho0.8.log,24,243,False,24,0.7366255144032922,0.0,1.0
/Users/julian/CodingProjects/UniT3/QuarticSpeedupK-XOR/z_Daphne/data/final_problem_set/kxor_instance_n24_k2_m243_ell2_eps0.3_kappa0.875_rho1.0.npz,/Users/julian/CodingProjects/UniT3/QuarticSpeedupK-XOR/logs/final_problem_set/kxor_instance_n24_k2_m243_ell2_eps0.3_kappa0.875_rho1.0.log,24,243,False,24,1.0,0.0,1.0
/Users/julian/CodingProjects/UniT3/QuarticSpeedupK-XOR/z_Daphne/data/final_problem_set/kxor_instance_n24_k4_m245_ell6_eps0.2_kappa1.0_rho0.0.npz,/Users/julian/CodingProjects/UniT3/QuarticSpeedupK-XOR/logs/final_problem_set/kxor_instance_n24_k4_m245_ell6_eps0.2_kappa1.0_rho0.0.log,24,245,False,24,0.1836734693877551,,
/Users/julian/CodingProjects/UniT3/QuarticSpeedupK-XOR/z_Daphne/data/final_problem_set/kxor_instance_n24_k4_m245_ell6_eps0.2_kappa1.0_rho0.2.npz,/Users/julian/CodingProjects/UniT3/QuarticSpeedupK-XOR/logs/final_problem_set/kxor_instance_n24_k4_m245_ell6_eps0.2_kappa1.0_rho0.2.log,24,245,False,24,0.17551020408163265,0.4583333333333333,0.08333333333333333
/Users/julian/CodingProjects/UniT3/QuarticSpeedupK-XOR/z_Daphne/data/final_problem_set/kxor_instance_n24_k4_m245_ell6_eps0.2_kappa1.0_rho0.4.npz,/Users/julian/CodingProjects/UniT3/QuarticSpeedupK-XOR/logs/final_problem_set/kxor_instance_n24_k4_m245_ell6_eps0.2_kappa1.0_rho0.4.log,24,245,False,24,0.2816326530612245,0.4583333333333333,0.08333333333333333
/Users/julian/CodingProjects/UniT3/QuarticSpeedupK-XOR/z_Daphne/data/final_problem_set/kxor_instance_n24_k4_m245_ell6_eps0.2_kappa1.0_rho0.6.npz,/Users/julian/CodingProjects/UniT3/QuarticSpeedupK-XOR/logs/final_problem_set/kxor_instance_n24_k4_m245_ell6_eps0.2_kappa1.0_rho0.6.log,24,245,False,24,0.6979591836734694,0.0,1.0
/Users/julian/CodingProjects/UniT3/QuarticSpeedupK-XOR/z_Daphne/data/final_problem_set/kxor_instance_n24_k4_m245_ell6_eps0.2_kappa1.0_rho0.8.npz,/Users/julian/CodingProjects/UniT3/QuarticSpeedupK-XOR/logs/final_problem_set/kxor_instance_n24_k4_m245_ell6_eps0.2_kappa1.0_rho0.8.log,24,245,False,24,0.746938775510204,0.0,1.0
/Users/julian/CodingProjects/UniT3/QuarticSpeedupK-XOR/z_Daphne/data/final_problem_set/kxor_instance_n24_k4_m245_ell6_eps0.2_kappa1.0_rho1.0.npz,/Users/julian/CodingProjects/UniT3/QuarticSpeedupK-XOR/logs/final_problem_set/kxor_instance_n24_k4_m245_ell6_eps0.2_kappa1.0_rho1.0.log,24,245,False,24,1.0,0.0,1.0
/Users/julian/CodingProjects/UniT3/QuarticSpeedupK-XOR/z_Daphne/data/final_problem_set/kxor_instance_n25_k2_m186_ell2_eps0.15_kappa1.0_rho0.0.npz,/Users/julian/CodingProjects/UniT3/QuarticSpeedupK-XOR/logs/final_problem_set/kxor_instance_n25_k2_m186_ell2_eps0.15_kappa1.0_rho0.0.log,25,186,False,25,0.3225806451612903,,
/Users/julian/CodingProjects/UniT3/QuarticSpeedupK-XOR/z_Daphne/data/final_problem_set/kxor_instance_n25_k2_m186_ell2_eps0.15_kappa1.0_rho0.2.npz,/Users/julian/CodingProjects/UniT3/QuarticSpeedupK-XOR/logs/final_problem_set/kxor_instance_n25_k2_m186_ell2_eps0.15_kappa1.0_rho0.2.log,25,186,False,25,0.3010752688172043,0.36,0.28
/Users/julian/CodingProjects/UniT3/QuarticSpeedupK-XOR/z_Daphne/data/final_problem_set/kxor_instance_n25_k2_m186_ell2_eps0.15_kappa1.0_rho0.4.npz,/Users/julian/CodingProjects/UniT3/QuarticSpeedupK-XOR/logs/final_problem_set/kxor_instance_n25_k2_m186_ell2_eps0.15_kappa1.0_rho0.4.log,25,186,False,25,0.4838709677419355,0.04,0.92
/Users/julian/CodingProjects/UniT3/QuarticSpeedupK-XOR/z_Daphne/data/final_problem_set/kxor_instance_n25_k2_m186_ell2_eps0.15_kappa1.0_rho0.6.npz,/Users/julian/CodingProjects/UniT3/QuarticSpeedupK-XOR/logs/final_problem_set/kxor_instance_n25_k2_m186_ell2_eps0.15_kappa1.0_rho0.6.log,25,186,False,25,0.5161290322580645,0.08,0.84
/Users/julian/CodingProjects/UniT3/QuarticSpeedupK-XOR/z_Daphne/data/final_problem_set/kxor_instance_n25_k2_m186_ell2_eps0.15_kappa1.0_rho0.8.npz,/Users/julian/CodingProjects/UniT3/QuarticSpeedupK-XOR/logs/final_problem_set/kxor_instance_n25_k2_m186_ell2_eps0.15_kappa1.0_rho0.8.log,25,186,False,25,0.7849462365591398,0.0,1.0
/Users/julian/CodingProjects/UniT3/QuarticSpeedupK-XOR/z_Daphne/data/final_problem_set/kxor_instance_n25_k2_m186_ell2_eps0.15_kappa1.0_rho1.0.npz,/Users/julian/CodingProjects/UniT3/QuarticSpeedupK-XOR/logs/final_problem_set/kxor_instance_n25_k2_m186_ell2_eps0.15_kappa1.0_rho1.0.log,25,186,False,25,1.0,0.0,1.0
/Users/julian/CodingProjects/UniT3/QuarticSpeedupK-XOR/z_Daphne/data/final_problem_set/kxor_instance_n25_k2_m194_ell2_eps0.2_kappa1.0_rho0.0.npz,/Users/julian/CodingProjects/UniT3/QuarticSpeedupK-XOR/logs/final_problem_set/kxor_instance_n25_k2_m194_ell2_eps0.2_kappa1.0_rho0.0.log,25,194,False,25,0.41237113402061853,,
/Users/julian/CodingProjects/UniT3/QuarticSpeedupK-XOR/z_Daphne/data/final_problem_set/kxor_instance_n25_k2_m194_ell2_eps0.2_kappa1.0_rho0.2.npz,/Users/julian/CodingProjects/UniT3/QuarticSpeedupK-XOR/logs/final_problem_set/kxor_instance_n25_k2_m194_ell2_eps0.2_kappa1.0_rho0.2.log,25,194,False,25,0.26804123711340205,0.44,0.12
/Users/julian/CodingProjects/UniT3/QuarticSpeedupK-XOR/z_Daphne/data/final_problem_set/kxor_instance_n25_k2_m194_ell2_eps0.2_kappa1.0_rho0.4.npz,/Users/julian/CodingProjects/UniT3/QuarticSpeedupK-XOR/logs/final_problem_set/kxor_instance_n25_k2_m194_ell2_eps0.2_kappa1.0_rho0.4.log,25,194,False,25,0.3917525773195876,0.08,0.84
/Users/julian/CodingProjects/UniT3/QuarticSpeedupK-XOR/z_Daphne/data/final_problem_set/kxor_instance_n25_k2_m194_ell2_eps0.2_kappa1.0_rho0.6.npz,/Users/julian/CodingProjects/UniT3/QuarticSpeedupK-XOR/logs/final_problem_set/kxor_instance_n25_k2_m194_ell2_eps0.2_kappa1.0_rho0.6.log,25,194,False,25,0.6185567010309279,0.0,1.0
/Users/julian/CodingProjects/UniT3/QuarticSpeedupK-XOR/z_Daphne/data/final_problem_set/kxor_instance_n25_k2_m194_ell2_eps0.2_kappa1.0_rho0.8.npz,/Users/julian/CodingProjects/UniT3/QuarticSpeedupK-XOR/logs/final_problem_set/kxor_instance_n25_k2_m194_ell2_eps0.2_kappa1.0_rho0.8.log,25,194,False,25,0.7835051546391752,0.0,1.0
/Users/julian/CodingProjects/UniT3/QuarticSpeedupK-XOR/z_Daphne/data/final_problem_set/kxor_instance_n25_k2_m194_ell2_eps0.2_kappa1.0_rho1.0.npz,/Users/julian/CodingProjects/UniT3/QuarticSpeedupK-XOR/logs/final_problem_set/kxor_instance_n25_k2_m194_ell2_eps0.2_kappa1.0_rho1.0.log,25,194,False,25,1.0,0.0,1.0
/Users/julian/CodingProjects/UniT3/QuarticSpeedupK-XOR/z_Daphne/data/final_problem_set/kxor_instance_n25_k2_m202_ell2_eps0.25_kappa1.0_rho0.0.npz,/Users/julian/CodingProjects/UniT3/QuarticSpeedupK-XOR/logs/final_problem_set/kxor_instance_n25_k2_m202_ell2_eps0.25_kappa1.0_rho0.0.log,25,202,False,25,0.2376237623762376,,
/Users/julian/CodingProjects/UniT3/QuarticSpeedupK-XOR/z_Daphne/data/final_problem_set/kxor_instance_n25_k2_m202_ell2_eps0.25_kappa1.0_rho0.2.npz,/Users/julian/CodingProjects/UniT3/QuarticSpeedupK-XOR/logs/final_problem_set/kxor_instance_n25_k2_m202_ell2_eps0.25_kappa1.0_rho0.2.log,25,202,False,25,0.297029702970297,0.28,0.44
/Users/julian/CodingProjects/UniT3/QuarticSpeedupK-XOR/z_Daphne/data/final_problem_set/kxor_instance_n25_k2_m202_ell2_eps0.25_kappa1.0_rho0.4.npz,/Users/julian/CodingProjects/UniT3/QuarticSpeedupK-XOR/logs/final_problem_set/kxor_instance_n25_k2_m202_ell2_eps0.25_kappa1.0_rho0.4.log,25,202,False,25,0.44554455445544555,0.08,0.84
/Users/julian/CodingProjects/UniT3/QuarticSpeedupK-XOR/z_Daphne/data/final_problem_set/kxor_instance_n25_k2_m202_ell2_eps0.25_kappa1.0_rho0.6.npz,/Users/julian/CodingProjects/UniT3/QuarticSpeedupK-XOR/logs/final_problem_set/kxor_instance_n25_k2_m202_ell2_eps0.25_kappa1.0_rho0.6.log,25,202,False,25,0.6633663366336634,0.0,1.0
/Users/julian/CodingProjects/UniT3/QuarticSpeedupK-XOR/z_Daphne/data/final_problem_set/kxor_instance_n25_k2_m202_ell2_eps0.25_kappa1.0_rho0.8.npz,/Users/julian/CodingProjects/UniT3/QuarticSpeedupK-XOR/logs/final_problem_set/kxor_instance_n25_k2_m202_ell2_eps0.25_kappa1.0_rho0.8.log,25,202,False,25,0.8118811881188119,0.0,1.0
/Users/julian/CodingProjects/UniT3/QuarticSpeedupK-XOR/z_Daphne/data/final_problem_set/kxor_instance_n25_k2_m202_ell2_eps0.25_kappa1.0_rho1.0.npz,/Users/julian/CodingProjects/UniT3/QuarticSpeedupK-XOR/logs/final_problem_set/kxor_instance_n25_k2_m202_ell2_eps0.25_kappa1.0_rho1.0.log,25,202,False,25,1.0,0.0,1.0
/Users/julian/CodingProjects/UniT3/QuarticSpeedupK-XOR/z_Daphne/data/final_problem_set/kxor_instance_n25_k2_m210_ell2_eps0.3_kappa1.0_rho0.0.npz,/Users/julian/CodingProjects/UniT3/QuarticSpeedupK-XOR/logs/final_problem_set/kxor_instance_n25_k2_m210_ell2_eps0.3_kappa1.0_rho0.0.log,25,210,False,25,0.21904761904761905,,
/Users/julian/CodingProjects/UniT3/QuarticSpeedupK-XOR/z_Daphne/data/final_problem_set/kxor_instance_n25_k2_m210_ell2_eps0.3_kappa1.0_rho0.2.npz,/Users/julian/CodingProjects/UniT3/QuarticSpeedupK-XOR/logs/final_problem_set/kxor_instance_n25_k2_m210_ell2_eps0.3_kappa1.0_rho0.2.log,25,210,False,25,0.22857142857142856,0.24,0.52
/Users/julian/CodingProjects/UniT3/QuarticSpeedupK-XOR/z_Daphne/data/final_problem_set/kxor_instance_n25_k2_m210_ell2_eps0.3_kappa1.0_rho0.4.npz,/Users/julian/CodingProjects/UniT3/QuarticSpeedupK-XOR/logs/final_problem_set/kxor_instance_n25_k2_m210_ell2_eps0.3_kappa1.0_rho0.4.log,25,210,False,25,0.38095238095238093,0.0,1.0
/Users/julian/CodingProjects/UniT3/QuarticSpeedupK-XOR/z_Daphne/data/final_problem_set/kxor_instance_n25_k2_m210_ell2_eps0.3_kappa1.0_rho0.6.npz,/Users/julian/CodingProjects/UniT3/QuarticSpeedupK-XOR/logs/final_problem_set/kxor_instance_n25_k2_m210_ell2_eps0.3_kappa1.0_rho0.6.log,25,210,False,25,0.6571428571428571,0.0,1.0
/Users/julian/CodingProjects/UniT3/QuarticSpeedupK-XOR/z_Daphne/data/final_problem_set/kxor_instance_n25_k2_m210_ell2_eps0.3_kappa1.0_rho0.8.npz,/Users/julian/CodingProjects/UniT3/QuarticSpeedupK-XOR/logs/final_problem_set/kxor_instance_n25_k2_m210_ell2_eps0.3_kappa1.0_rho0.8.log,25,210,False,25,0.8095238095238095,0.0,1.0
/Users/julian/CodingProjects/UniT3/QuarticSpeedupK-XOR/z_Daphne/data/final_problem_set/kxor_instance_n25_k2_m210_ell2_eps0.3_kappa1.0_rho1.0.npz,/Users/julian/CodingProjects/UniT3/QuarticSpeedupK-XOR/logs/final_problem_set/kxor_instance_n25_k2_m210_ell2_eps0.3_kappa1.0_rho1.0.log,25,210,False,25,1.0,0.0,1.0
/Users/julian/CodingProjects/UniT3/QuarticSpeedupK-XOR/z_Daphne/data/final_problem_set/kxor_instance_n25_k2_m227_ell2_eps0.15_kappa0.875_rho0.0.npz,/Users/julian/CodingProjects/UniT3/QuarticSpeedupK-XOR/logs/final_problem_set/kxor_instance_n25_k2_m227_ell2_eps0.15_kappa0.875_rho0.0.log,25,227,False,25,0.20704845814977973,,
/Users/julian/CodingProjects/UniT3/QuarticSpeedupK-XOR/z_Daphne/data/final_problem_set/kxor_instance_n25_k2_m227_ell2_eps0.15_kappa0.875_rho0.2.npz,/Users/julian/CodingProjects/UniT3/QuarticSpeedupK-XOR/logs/final_problem_set/kxor_instance_n25_k2_m227_ell2_eps0.15_kappa0.875_rho0.2.log,25,227,False,25,0.18061674008810572,0.44,0.12
/Users/julian/CodingProjects/UniT3/QuarticSpeedupK-XOR/z_Daphne/data/final_problem_set/kxor_instance_n25_k2_m227_ell2_eps0.15_kappa0.875_rho0.4.npz,/Users/julian/CodingProjects/UniT3/QuarticSpeedupK-XOR/logs/final_problem_set/kxor_instance_n25_k2_m227_ell2_eps0.15_kappa0.875_rho0.4.log,25,227,False,25,0.3392070484581498,0.12,0.76
/Users/julian/CodingProjects/UniT3/QuarticSpeedupK-XOR/z_Daphne/data/final_problem_set/kxor_instance_n25_k2_m227_ell2_eps0.15_kappa0.875_rho0.6.npz,/Users/julian/CodingProjects/UniT3/QuarticSpeedupK-XOR/logs/final_problem_set/kxor_instance_n25_k2_m227_ell2_eps0.15_kappa0.875_rho0.6.log,25,227,False,25,0.5947136563876652,0.0,1.0
/Users/julian/CodingProjects/UniT3/QuarticSpeedupK-XOR/z_Daphne/data/final_problem_set/kxor_instance_n25_k2_m227_ell2_eps0.15_kappa0.875_rho0.8.npz,/Users/julian/CodingProjects/UniT3/QuarticSpeedupK-XOR/logs/final_problem_set/kxor_instance_n25_k2_m227_ell2_eps0.15_kappa0.875_rho0.8.log,25,227,False,25,0.762114537444934,0.0,1.0
/Users/julian/CodingProjects/UniT3/QuarticSpeedupK-XOR/z_Daphne/data/final_problem_set/kxor_instance_n25_k2_m227_ell2_eps0.15_kappa0.875_rho1.0.npz,/Users/julian/CodingProjects/UniT3/QuarticSpeedupK-XOR/logs/final_problem_set/kxor_instance_n25_k2_m227_ell2_eps0.15_kappa0.875_rho1.0.log,25,227,False,25,1.0,0.0,1.0
/Users/julian/CodingProjects/UniT3/QuarticSpeedupK-XOR/z_Daphne/data/final_problem_set/kxor_instance_n25_k2_m237_ell2_eps0.2_kappa0.875_rho0.0.npz,/Users/julian/CodingProjects/UniT3/QuarticSpeedupK-XOR/logs/final_problem_set/kxor_instance_n25_k2_m237_ell2_eps0.2_kappa0.875_rho0.0.log,25,237,False,25,0.2911392405063291,,
/Users/julian/CodingProjects/UniT3/QuarticSpeedupK-XOR/z_Daphne/data/final_problem_set/kxor_instance_n25_k2_m237_ell2_eps0.2_kappa0.875_rho0.2.npz,/Users/julian/CodingProjects/UniT3/QuarticSpeedupK-XOR/logs/final_problem_set/kxor_instance_n25_k2_m237_ell2_eps0.2_kappa0.875_rho0.2.log,25,237,False,25,0.32489451476793246,0.32,0.36
/Users/julian/CodingProjects/UniT3/QuarticSpeedupK-XOR/z_Daphne/data/final_problem_set/kxor_instance_n25_k2_m237_ell2_eps0.2_kappa0.875_rho0.4.npz,/Users/julian/CodingProjects/UniT3/QuarticSpeedupK-XOR/logs/final_problem_set/kxor_instance_n25_k2_m237_ell2_eps0.2_kappa0.875_rho0.4.log,25,237,False,25,0.3080168776371308,0.12,0.76
/Users/julian/CodingProjects/UniT3/QuarticSpeedupK-XOR/z_Daphne/data/final_problem_set/kxor_instance_n25_k2_m237_ell2_eps0.2_kappa0.875_rho0.6.npz,/Users/julian/CodingProjects/UniT3/QuarticSpeedupK-XOR/logs/final_problem_set/kxor_instance_n25_k2_m237_ell2_eps0.2_kappa0.875_rho0.6.log,25,237,False,25,0.6118143459915611,0.0,1.0
/Users/julian/CodingProjects/UniT3/QuarticSpeedupK-XOR/z_Daphne/data/final_problem_set/kxor_instance_n25_k2_m237_ell2_eps0.2_kappa0.875_rho0.8.npz,/Users/julian/CodingProjects/UniT3/QuarticSpeedupK-XOR/logs/final_problem_set/kxor_instance_n25_k2_m237_ell2_eps0.2_kappa0.875_rho0.8.log,25,237,False,25,0.7805907172995781,0.0,1.0
/Users/julian/CodingProjects/UniT3/QuarticSpeedupK-XOR/z_Daphne/data/final_problem_set/kxor_instance_n25_k2_m237_ell2_eps0.2_kappa0.875_rho1.0.npz,/Users/julian/CodingProjects/UniT3/QuarticSpeedupK-XOR/logs/final_problem_set/kxor_instance_n25_k2_m237_ell2_eps0.2_kappa0.875_rho1.0.log,25,237,False,25,1.0,0.0,1.0
/Users/julian/CodingProjects/UniT3/QuarticSpeedupK-XOR/z_Daphne/data/final_problem_set/kxor_instance_n25_k2_m247_ell2_eps0.25_kappa0.875_rho0.0.npz,/Users/julian/CodingProjects/UniT3/QuarticSpeedupK-XOR/logs/final_problem_set/kxor_instance_n25_k2_m247_ell2_eps0.25_kappa0.875_rho0.0.log,25,247,False,25,0.23076923076923078,,
/Users/julian/CodingProjects/UniT3/QuarticSpeedupK-XOR/z_Daphne/data/final_problem_set/kxor_instance_n25_k2_m247_ell2_eps0.25_kappa0.875_rho0.2.npz,/Users/julian/CodingProjects/UniT3/QuarticSpeedupK-XOR/logs/final_problem_set/kxor_instance_n25_k2_m247_ell2_eps0.25_kappa0.875_rho0.2.log,25,247,False,25,0.2550607287449393,0.28,0.44
/Users/julian/CodingProjects/UniT3/QuarticSpeedupK-XOR/z_Daphne/data/final_problem_set/kxor_instance_n25_k2_m247_ell2_eps0.25_kappa0.875_rho0.4.npz,/Users/julian/CodingProjects/UniT3/QuarticSpeedupK-XOR/logs/final_problem_set/kxor_instance_n25_k2_m247_ell2_eps0.25_kappa0.875_rho0.4.log,25,247,False,25,0.3765182186234818,0.12,0.76
/Users/julian/CodingProjects/UniT3/QuarticSpeedupK-XOR/z_Daphne/data/final_problem_set/kxor_instance_n25_k2_m247_ell2_eps0.25_kappa0.875_rho0.6.npz,/Users/julian/CodingProjects/UniT3/QuarticSpeedupK-XOR/logs/final_problem_set/kxor_instance_n25_k2_m247_ell2_eps0.25_kappa0.875_rho0.6.log,25,247,False,25,0.5789473684210527,0.0,1.0
/Users/julian/CodingProjects/UniT3/QuarticSpeedupK-XOR/z_Daphne/data/final_problem_set/kxor_instance_n25_k2_m247_ell2_eps0.25_kappa0.875_rho0.8.npz,/Users/julian/CodingProjects/UniT3/QuarticSpeedupK-XOR/logs/final_problem_set/kxor_instance_n25_k2_m247_ell2_eps0.25_kappa0.875_rho0.8.log,25,247,False,25,0.7327935222672065,0.0,1.0
/Users/julian/CodingProjects/UniT3/QuarticSpeedupK-XOR/z_Daphne/data/final_problem_set/kxor_instance_n25_k2_m247_ell2_eps0.25_kappa0.875_rho1.0.npz,/Users/julian/CodingProjects/UniT3/QuarticSpeedupK-XOR/logs/final_problem_set/kxor_instance_n25_k2_m247_ell2_eps0.25_kappa0.875_rho1.0.log,25,247,False,25,1.0,0.0,1.0
/Users/julian/CodingProjects/UniT3/QuarticSpeedupK-XOR/z_Daphne/data/final_problem_set/kxor_instance_n26_k2_m195_ell2_eps0.15_kappa1.0_rho0.0.npz,/Users/julian/CodingProjects/UniT3/QuarticSpeedupK-XOR/logs/final_problem_set/kxor_instance_n26_k2_m195_ell2_eps0.15_kappa1.0_rho0.0.log,26,195,False,26,0.3641025641025641,,
/Users/julian/CodingProjects/UniT3/QuarticSpeedupK-XOR/z_Daphne/data/final_problem_set/kxor_instance_n26_k2_m195_ell2_eps0.15_kappa1.0_rho0.2.npz,/Users/julian/CodingProjects/UniT3/QuarticSpeedupK-XOR/logs/final_problem_set/kxor_instance_n26_k2_m195_ell2_eps0.15_kappa1.0_rho0.2.log,26,195,False,26,0.2205128205128205,0.46153846153846156,0.07692307692307693
/Users/julian/CodingProjects/UniT3/QuarticSpeedupK-XOR/z_Daphne/data/final_problem_set/kxor_instance_n26_k2_m195_ell2_eps0.15_kappa1.0_rho0.4.npz,/Users/julian/CodingProjects/UniT3/QuarticSpeedupK-XOR/logs/final_problem_set/kxor_instance_n26_k2_m195_ell2_eps0.15_kappa1.0_rho0.4.log,26,195,False,26,0.3230769230769231,0.2692307692307692,0.46153846153846156
/Users/julian/CodingProjects/UniT3/QuarticSpeedupK-XOR/z_Daphne/data/final_problem_set/kxor_instance_n26_k2_m195_ell2_eps0.15_kappa1.0_rho0.6.npz,/Users/julian/CodingProjects/UniT3/QuarticSpeedupK-XOR/logs/final_problem_set/kxor_instance_n26_k2_m195_ell2_eps0.15_kappa1.0_rho0.6.log,26,195,False,26,0.6205128205128205,0.0,1.0
/Users/julian/CodingProjects/UniT3/QuarticSpeedupK-XOR/z_Daphne/data/final_problem_set/kxor_instance_n26_k2_m195_ell2_eps0.15_kappa1.0_rho0.8.npz,/Users/julian/CodingProjects/UniT3/QuarticSpeedupK-XOR/logs/final_problem_set/kxor_instance_n26_k2_m195_ell2_eps0.15_kappa1.0_rho0.8.log,26,195,False,26,0.8051282051282052,0.0,1.0
/Users/julian/CodingProjects/UniT3/QuarticSpeedupK-XOR/z_Daphne/data/final_problem_set/kxor_instance_n26_k2_m195_ell2_eps0.15_kappa1.0_rho1.0.npz,/Users/julian/CodingProjects/UniT3/QuarticSpeedupK-XOR/logs/final_problem_set/kxor_instance_n26_k2_m195_ell2_eps0.15_kappa1.0_rho1.0.log,26,195,False,26,1.0,0.0,1.0
/Users/julian/CodingProjects/UniT3/QuarticSpeedupK-XOR/z_Daphne/data/final_problem_set/kxor_instance_n26_k2_m204_ell2_eps0.2_kappa1.0_rho0.0.npz,/Users/julian/CodingProjects/UniT3/QuarticSpeedupK-XOR/logs/final_problem_set/kxor_instance_n26_k2_m204_ell2_eps0.2_kappa1.0_rho0.0.log,26,204,False,26,0.29411764705882354,,
/Users/julian/CodingProjects/UniT3/QuarticSpeedupK-XOR/z_Daphne/data/final_problem_set/kxor_instance_n26_k2_m204_ell2_eps0.2_kappa1.0_rho0.2.npz,/Users/julian/CodingProjects/UniT3/QuarticSpeedupK-XOR/logs/final_problem_set/kxor_instance_n26_k2_m204_ell2_eps0.2_kappa1.0_rho0.2.log,26,204,False,26,0.27450980392156865,0.46153846153846156,0.07692307692307693
/Users/julian/CodingProjects/UniT3/QuarticSpeedupK-XOR/z_Daphne/data/final_problem_set/kxor_instance_n26_k2_m204_ell2_eps0.2_kappa1.0_rho0.4.npz,/Users/julian/CodingProjects/UniT3/QuarticSpeedupK-XOR/logs/final_problem_set/kxor_instance_n26_k2_m204_ell2_eps0.2_kappa1.0_rho0.4.log,26,204,False,26,0.38235294117647056,0.038461538461538464,0.9230769230769231
/Users/julian/CodingProjects/UniT3/QuarticSpeedupK-XOR/z_Daphne/data/final_problem_set/kxor_instance_n26_k2_m204_ell2_eps0.2_kappa1.0_rho0.6.npz,/Users/julian/CodingProjects/UniT3/QuarticSpeedupK-XOR/logs/final_problem_set/kxor_instance_n26_k2_m204_ell2_eps0.2_kappa1.0_rho0.6.log,26,204,False,26,0.6274509803921569,0.0,1.0
/Users/julian/CodingProjects/UniT3/QuarticSpeedupK-XOR/z_Daphne/data/final_problem_set/kxor_instance_n26_k2_m204_ell2_eps0.2_kappa1.0_rho0.8.npz,/Users/julian/CodingProjects/UniT3/QuarticSpeedupK-XOR/logs/final_problem_set/kxor_instance_n26_k2_m204_ell2_eps0.2_kappa1.0_rho0.8.log,26,204,False,26,0.8725490196078431,0.0,1.0
/Users/julian/CodingProjects/UniT3/QuarticSpeedupK-XOR/z_Daphne/data/final_problem_set/kxor_instance_n26_k2_m204_ell2_eps0.2_kappa1.0_rho1.0.npz,/Users/julian/CodingProjects/UniT3/QuarticSpeedupK-XOR/logs/final_problem_set/kxor_instance_n26_k2_m204_ell2_eps0.2_kappa1.0_rho1.0.log,26,204,False,26,1.0,0.0,1.0
/Users/julian/CodingProjects/UniT3/QuarticSpeedupK-XOR/z_Daphne/data/final_problem_set/kxor_instance_n26_k2_m212_ell2_eps0.25_kappa1.0_rho0.0.npz,/Users/julian/CodingProjects/UniT3/QuarticSpeedupK-XOR/logs/final_problem_set/kxor_instance_n26_k2_m212_ell2_eps0.25_kappa1.0_rho0.0.log,26,212,False,26,0.3018867924528302,,
/Users/julian/CodingProjects/UniT3/QuarticSpeedupK-XOR/z_Daphne/data/final_problem_set/kxor_instance_n26_k2_m212_ell2_eps0.25_kappa1.0_rho0.2.npz,/Users/julian/CodingProjects/UniT3/QuarticSpeedupK-XOR/logs/final_problem_set/kxor_instance_n26_k2_m212_ell2_eps0.25_kappa1.0_rho0.2.log,26,212,False,26,0.29245283018867924,0.23076923076923078,0.5384615384615384
/Users/julian/CodingProjects/UniT3/QuarticSpeedupK-XOR/z_Daphne/data/final_problem_set/kxor_instance_n26_k2_m212_ell2_eps0.25_kappa1.0_rho0.4.npz,/Users/julian/CodingProjects/UniT3/QuarticSpeedupK-XOR/logs/final_problem_set/kxor_instance_n26_k2_m212_ell2_eps0.25_kappa1.0_rho0.4.log,26,212,False,26,0.33962264150943394,0.11538461538461539,0.7692307692307693
/Users/julian/CodingProjects/UniT3/QuarticSpeedupK-XOR/z_Daphne/data/final_problem_set/kxor_instance_n26_k2_m212_ell2_eps0.25_kappa1.0_rho0.6.npz,/Users/julian/CodingProjects/UniT3/QuarticSpeedupK-XOR/logs/final_problem_set/kxor_instance_n26_k2_m212_ell2_eps0.25_kappa1.0_rho0.6.log,26,212,False,26,0.4716981132075472,0.038461538461538464,0.9230769230769231
/Users/julian/CodingProjects/UniT3/QuarticSpeedupK-XOR/z_Daphne/data/final_problem_set/kxor_instance_n26_k2_m212_ell2_eps0.25_kappa1.0_rho0.8.npz,/Users/julian/CodingProjects/UniT3/QuarticSpeedupK-XOR/logs/final_problem_set/kxor_instance_n26_k2_m212_ell2_eps0.25_kappa1.0_rho0.8.log,26,212,False,26,0.7830188679245284,0.0,1.0
/Users/julian/CodingProjects/UniT3/QuarticSpeedupK-XOR/z_Daphne/data/final_problem_set/kxor_instance_n26_k2_m212_ell2_eps0.25_kappa1.0_rho1.0.npz,/Users/julian/CodingProjects/UniT3/QuarticSpeedupK-XOR/logs/final_problem_set/kxor_instance_n26_k2_m212_ell2_eps0.25_kappa1.0_rho1.0.log,26,212,False,26,1.0,0.0,1.0
/Users/julian/CodingProjects/UniT3/QuarticSpeedupK-XOR/z_Daphne/data/final_problem_set/kxor_instance_n26_k2_m221_ell2_eps0.3_kappa1.0_rho0.0.npz,/Users/julian/CodingProjects/UniT3/QuarticSpeedupK-XOR/logs/final_problem_set/kxor_instance_n26_k2_m221_ell2_eps0.3_kappa1.0_rho0.0.log,26,221,False,26,0.3212669683257919,,
/Users/julian/CodingProjects/UniT3/QuarticSpeedupK-XOR/z_Daphne/data/final_problem_set/kxor_instance_n26_k2_m221_ell2_eps0.3_kappa1.0_rho0.2.npz,/Users/julian/CodingProjects/UniT3/QuarticSpeedupK-XOR/logs/final_problem_set/kxor_instance_n26_k2_m221_ell2_eps0.3_kappa1.0_rho0.2.log,26,221,False,26,0.3031674208144796,0.4230769230769231,0.15384615384615385
/Users/julian/CodingProjects/UniT3/QuarticSpeedupK-XOR/z_Daphne/data/final_problem_set/kxor_instance_n26_k2_m221_ell2_eps0.3_kappa1.0_rho0.4.npz,/Users/julian/CodingProjects/UniT3/QuarticSpeedupK-XOR/logs/final_problem_set/kxor_instance_n26_k2_m221_ell2_eps0.3_kappa1.0_rho0.4.log,26,221,False,26,0.42081447963800905,0.038461538461538464,0.9230769230769231
/Users/julian/CodingProjects/UniT3/QuarticSpeedupK-XOR/z_Daphne/data/final_problem_set/kxor_instance_n26_k2_m221_ell2_eps0.3_kappa1.0_rho0.6.npz,/Users/julian/CodingProjects/UniT3/QuarticSpeedupK-XOR/logs/final_problem_set/kxor_instance_n26_k2_m221_ell2_eps0.3_kappa1.0_rho0.6.log,26,221,False,26,0.5746606334841629,0.0,1.0
/Users/julian/CodingProjects/UniT3/QuarticSpeedupK-XOR/z_Daphne/data/final_problem_set/kxor_instance_n26_k2_m221_ell2_eps0.3_kappa1.0_rho0.8.npz,/Users/julian/CodingProjects/UniT3/QuarticSpeedupK-XOR/logs/final_problem_set/kxor_instance_n26_k2_m221_ell2_eps0.3_kappa1.0_rho0.8.log,26,221,False,26,0.8371040723981901,0.0,1.0
/Users/julian/CodingProjects/UniT3/QuarticSpeedupK-XOR/z_Daphne/data/final_problem_set/kxor_instance_n26_k2_m221_ell2_eps0.3_kappa1.0_rho1.0.npz,/Users/julian/CodingProjects/UniT3/QuarticSpeedupK-XOR/logs/final_problem_set/kxor_instance_n26_k2_m221_ell2_eps0.3_kappa1.0_rho1.0.log,26,221,False,26,1.0,0.0,1.0
/Users/julian/CodingProjects/UniT3/QuarticSpeedupK-XOR/z_Daphne/data/final_problem_set/kxor_instance_n26_k2_m239_ell2_eps0.15_kappa0.875_rho0.0.npz,/Users/julian/CodingProjects/UniT3/QuarticSpeedupK-XOR/logs/final_problem_set/kxor_instance_n26_k2_m239_ell2_eps0.15_kappa0.875_rho0.0.log,26,239,False,26,0.28870292887029286,,
/Users/julian/CodingProjects/UniT3/QuarticSpeedupK-XOR/z_Daphne/data/final_problem_set/kxor_instance_n26_k2_m239_ell2_eps0.15_kappa0.875_rho0.2.npz,/Users/julian/CodingProjects/UniT3/QuarticSpeedupK-XOR/logs/final_problem_set/kxor_instance_n26_k2_m239_ell2_eps0.15_kappa0.875_rho0.2.log,26,239,False,26,0.1799163179916318,0.4230769230769231,0.15384615384615385
/Users/julian/CodingProjects/UniT3/QuarticSpeedupK-XOR/z_Daphne/data/final_problem_set/kxor_instance_n26_k2_m239_ell2_eps0.15_kappa0.875_rho0.4.npz,/Users/julian/CodingProjects/UniT3/QuarticSpeedupK-XOR/logs/final_problem_set/kxor_instance_n26_k2_m239_ell2_eps0.15_kappa0.875_rho0.4.log,26,239,False,26,0.4476987447698745,0.11538461538461539,0.7692307692307693
/Users/julian/CodingProjects/UniT3/QuarticSpeedupK-XOR/z_Daphne/data/final_problem_set/kxor_instance_n26_k2_m239_ell2_eps0.15_kappa0.875_rho0.6.npz,/Users/julian/CodingProjects/UniT3/QuarticSpeedupK-XOR/logs/final_problem_set/kxor_instance_n26_k2_m239_ell2_eps0.15_kappa0.875_rho0.6.log,26,239,False,26,0.40585774058577406,0.038461538461538464,0.9230769230769231
/Users/julian/CodingProjects/UniT3/QuarticSpeedupK-XOR/z_Daphne/data/final_problem_set/kxor_instance_n26_k2_m239_ell2_eps0.15_kappa0.875_rho0.8.npz,/Users/julian/CodingProjects/UniT3/QuarticSpeedupK-XOR/logs/final_problem_set/kxor_instance_n26_k2_m239_ell2_eps0.15_kappa0.875_rho0.8.log,26,239,False,26,0.8242677824267782,0.0,1.0
/Users/julian/CodingProjects/UniT3/QuarticSpeedupK-XOR/z_Daphne/data/final_problem_set/kxor_instance_n26_k2_m239_ell2_eps0.15_kappa0.875_rho1.0.npz,/Users/julian/CodingProjects/UniT3/QuarticSpeedupK-XOR/logs/final_problem_set/kxor_instance_n26_k2_m239_ell2_eps0.15_kappa0.875_rho1.0.log,26,239,False,26,1.0,0.0,1.0
/Users/julian/CodingProjects/UniT3/QuarticSpeedupK-XOR/z_Daphne/data/final_problem_set/kxor_instance_n26_k2_m249_ell2_eps0.2_kappa0.875_rho0.0.npz,/Users/julian/CodingProjects/UniT3/QuarticSpeedupK-XOR/logs/final_problem_set/kxor_instance_n26_k2_m249_ell2_eps0.2_kappa0.875_rho0.0.log,26,249,False,26,0.285140562248996,,
/Users/julian/CodingProjects/UniT3/QuarticSpeedupK-XOR/z_Daphne/data/final_problem_set/kxor_instance_n26_k2_m249_ell2_eps0.2_kappa0.875_rho0.2.npz,/Users/julian/CodingProjects/UniT3/QuarticSpeedupK-XOR/logs/final_problem_set/kxor_instance_n26_k2_m249_ell2_eps0.2_kappa0.875_rho0.2.log,26,249,False,26,0.27710843373493976,0.23076923076923078,0.5384615384615384
/Users/julian/CodingProjects/UniT3/QuarticSpeedupK-XOR/z_Daphne/data/final_problem_set/kxor_instance_n26_k2_m249_ell2_eps0.2_kappa0.875_rho0.4.npz,/Users/julian/CodingProjects/UniT3/QuarticSpeedupK-XOR/logs/final_problem_set/kxor_instance_n26_k2_m249_ell2_eps0.2_kappa0.875_rho0.4.log,26,249,False,26,0.18875502008032127,0.46153846153846156,0.07692307692307693
/Users/julian/CodingProjects/UniT3/QuarticSpeedupK-XOR/z_Daphne/data/final_problem_set/kxor_instance_n26_k2_m249_ell2_eps0.2_kappa0.875_rho0.6.npz,/Users/julian/CodingProjects/UniT3/QuarticSpeedupK-XOR/logs/final_problem_set/kxor_instance_n26_k2_m249_ell2_eps0.2_kappa0.875_rho0.6.log,26,249,False,26,0.6947791164658634,0.0,1.0
/Users/julian/CodingProjects/UniT3/QuarticSpeedupK-XOR/z_Daphne/data/final_problem_set/kxor_instance_n26_k2_m249_ell2_eps0.2_kappa0.875_rho0.8.npz,/Users/julian/CodingProjects/UniT3/QuarticSpeedupK-XOR/logs/final_problem_set/kxor_instance_n26_k2_m249_ell2_eps0.2_kappa0.875_rho0.8.log,26,249,False,26,0.7831325301204819,0.0,1.0
/Users/julian/CodingProjects/UniT3/QuarticSpeedupK-XOR/z_Daphne/data/final_problem_set/kxor_instance_n26_k2_m249_ell2_eps0.2_kappa0.875_rho1.0.npz,/Users/julian/CodingProjects/UniT3/QuarticSpeedupK-XOR/logs/final_problem_set/kxor_instance_n26_k2_m249_ell2_eps0.2_kappa0.875_rho1.0.log,26,249,False,26,1.0,0.0,1.0
/Users/julian/CodingProjects/UniT3/QuarticSpeedupK-XOR/z_Daphne/data/final_problem_set/kxor_instance_n27_k2_m205_ell2_eps0.15_kappa1.0_rho0.0.npz,/Users/julian/CodingProjects/UniT3/QuarticSpeedupK-XOR/logs/final_problem_set/kxor_instance_n27_k2_m205_ell2_eps0.15_kappa1.0_rho0.0.log,27,205,False,27,0.2780487804878049,,
/Users/julian/CodingProjects/UniT3/QuarticSpeedupK-XOR/z_Daphne/data/final_problem_set/kxor_instance_n27_k2_m205_ell2_eps0.15_kappa1.0_rho0.2.npz,/Users/julian/CodingProjects/UniT3/QuarticSpeedupK-XOR/logs/final_problem_set/kxor_instance_n27_k2_m205_ell2_eps0.15_kappa1.0_rho0.2.log,27,205,False,27,0.2975609756097561,0.3333333333333333,0.3333333333333333
/Users/julian/CodingProjects/UniT3/QuarticSpeedupK-XOR/z_Daphne/data/final_problem_set/kxor_instance_n27_k2_m205_ell2_eps0.15_kappa1.0_rho0.4.npz,/Users/julian/CodingProjects/UniT3/QuarticSpeedupK-XOR/logs/final_problem_set/kxor_instance_n27_k2_m205_ell2_eps0.15_kappa1.0_rho0.4.log,27,205,False,27,0.5024390243902439,0.07407407407407407,0.8518518518518519
/Users/julian/CodingProjects/UniT3/QuarticSpeedupK-XOR/z_Daphne/data/final_problem_set/kxor_instance_n27_k2_m205_ell2_eps0.15_kappa1.0_rho0.6.npz,/Users/julian/CodingProjects/UniT3/QuarticSpeedupK-XOR/logs/final_problem_set/kxor_instance_n27_k2_m205_ell2_eps0.15_kappa1.0_rho0.6.log,27,205,False,27,0.5609756097560976,0.0,1.0
/Users/julian/CodingProjects/UniT3/QuarticSpeedupK-XOR/z_Daphne/data/final_problem_set/kxor_instance_n27_k2_m205_ell2_eps0.15_kappa1.0_rho0.8.npz,/Users/julian/CodingProjects/UniT3/QuarticSpeedupK-XOR/logs/final_problem_set/kxor_instance_n27_k2_m205_ell2_eps0.15_kappa1.0_rho0.8.log,27,205,False,27,0.8341463414634146,0.0,1.0
/Users/julian/CodingProjects/UniT3/QuarticSpeedupK-XOR/z_Daphne/data/final_problem_set/kxor_instance_n27_k2_m205_ell2_eps0.15_kappa1.0_rho1.0.npz,/Users/julian/CodingProjects/UniT3/QuarticSpeedupK-XOR/logs/final_problem_set/kxor_instance_n27_k2_m205_ell2_eps0.15_kappa1.0_rho1.0.log,27,205,False,27,1.0,0.0,1.0
/Users/julian/CodingProjects/UniT3/QuarticSpeedupK-XOR/z_Daphne/data/final_problem_set/kxor_instance_n27_k2_m214_ell2_eps0.2_kappa1.0_rho0.0.npz,/Users/julian/CodingProjects/UniT3/QuarticSpeedupK-XOR/logs/final_problem_set/kxor_instance_n27_k2_m214_ell2_eps0.2_kappa1.0_rho0.0.log,27,214,False,27,0.24299065420560748,,
/Users/julian/CodingProjects/UniT3/QuarticSpeedupK-XOR/z_Daphne/data/final_problem_set/kxor_instance_n27_k2_m214_ell2_eps0.2_kappa1.0_rho0.2.npz,/Users/julian/CodingProjects/UniT3/QuarticSpeedupK-XOR/logs/final_problem_set/kxor_instance_n27_k2_m214_ell2_eps0.2_kappa1.0_rho0.2.log,27,214,False,27,0.24299065420560748,0.37037037037037035,0.25925925925925924
/Users/julian/CodingProjects/UniT3/QuarticSpeedupK-XOR/z_Daphne/data/final_problem_set/kxor_instance_n27_k2_m214_ell2_eps0.2_kappa1.0_rho0.4.npz,/Users/julian/CodingProjects/UniT3/QuarticSpeedupK-XOR/logs/final_problem_set/kxor_instance_n27_k2_m214_ell2_eps0.2_kappa1.0_rho0.4.log,27,214,False,27,0.3925233644859813,0.1111111111111111,0.7777777777777778
/Users/julian/CodingProjects/UniT3/QuarticSpeedupK-XOR/z_Daphne/data/final_problem_set/kxor_instance_n27_k2_m214_ell2_eps0.2_kappa1.0_rho0.6.npz,/Users/julian/CodingProjects/UniT3/QuarticSpeedupK-XOR/logs/final_problem_set/kxor_instance_n27_k2_m214_ell2_eps0.2_kappa1.0_rho0.6.log,27,214,False,27,0.616822429906542,0.0,1.0
/Users/julian/CodingProjects/UniT3/QuarticSpeedupK-XOR/z_Daphne/data/final_problem_set/kxor_instance_n27_k2_m214_ell2_eps0.2_kappa1.0_rho0.8.npz,/Users/julian/CodingProjects/UniT3/QuarticSpeedupK-XOR/logs/final_problem_set/kxor_instance_n27_k2_m214_ell2_eps0.2_kappa1.0_rho0.8.log,27,214,False,27,0.7850467289719626,0.0,1.0
/Users/julian/CodingProjects/UniT3/QuarticSpeedupK-XOR/z_Daphne/data/final_problem_set/kxor_instance_n27_k2_m214_ell2_eps0.2_kappa1.0_rho1.0.npz,/Users/julian/CodingProjects/UniT3/QuarticSpeedupK-XOR/logs/final_problem_set/kxor_instance_n27_k2_m214_ell2_eps0.2_kappa1.0_rho1.0.log,27,214,False,27,1.0,0.0,1.0
/Users/julian/CodingProjects/UniT3/QuarticSpeedupK-XOR/z_Daphne/data/final_problem_set/kxor_instance_n27_k2_m223_ell2_eps0.25_kappa1.0_rho0.0.npz,/Users/julian/CodingProjects/UniT3/QuarticSpeedupK-XOR/logs/final_problem_set/kxor_instance_n27_k2_m223_ell2_eps0.25_kappa1.0_rho0.0.log,27,223,False,27,0.2914798206278027,,
/Users/julian/CodingProjects/UniT3/QuarticSpeedupK-XOR/z_Daphne/data/final_problem_set/kxor_instance_n27_k2_m223_ell2_eps0.25_kappa1.0_rho0.2.npz,/Users/julian/CodingProjects/UniT3/QuarticSpeedupK-XOR/logs/final_problem_set/kxor_instance_n27_k2_m223_ell2_eps0.25_kappa1.0_rho0.2.log,27,223,False,27,0.2914798206278027,0.25925925925925924,0.48148148148148145
/Users/julian/CodingProjects/UniT3/QuarticSpeedupK-XOR/z_Daphne/data/final_problem_set/kxor_instance_n27_k2_m223_ell2_eps0.25_kappa1.0_rho0.4.npz,/Users/julian/CodingProjects/UniT3/QuarticSpeedupK-XOR/logs/final_problem_set/kxor_instance_n27_k2_m223_ell2_eps0.25_kappa1.0_rho0.4.log,27,223,False,27,0.3273542600896861,0.14814814814814814,0.7037037037037037
/Users/julian/CodingProjects/UniT3/QuarticSpeedupK-XOR/z_Daphne/data/final_problem_set/kxor_instance_n27_k2_m223_ell2_eps0.25_kappa1.0_rho0.6.npz,/Users/julian/CodingProjects/UniT3/QuarticSpeedupK-XOR/logs/final_problem_set/kxor_instance_n27_k2_m223_ell2_eps0.25_kappa1.0_rho0.6.log,27,223,False,27,0.5426008968609866,0.0,1.0
/Users/julian/CodingProjects/UniT3/QuarticSpeedupK-XOR/z_Daphne/data/final_problem_set/kxor_instance_n27_k2_m223_ell2_eps0.25_kappa1.0_rho0.8.npz,/Users/julian/CodingProjects/UniT3/QuarticSpeedupK-XOR/logs/final_problem_set/kxor_instance_n27_k2_m223_ell2_eps0.25_kappa1.0_rho0.8.log,27,223,False,27,0.820627802690583,0.0,1.0
/Users/julian/CodingProjects/UniT3/QuarticSpeedupK-XOR/z_Daphne/data/final_problem_set/kxor_instance_n27_k2_m223_ell2_eps0.25_kappa1.0_rho1.0.npz,/Users/julian/CodingProjects/UniT3/QuarticSpeedupK-XOR/logs/final_problem_set/kxor_instance_n27_k2_m223_ell2_eps0.25_kappa1.0_rho1.0.log,27,223,False,27,1.0,0.0,1.0
/Users/julian/CodingProjects/UniT3/QuarticSpeedupK-XOR/z_Daphne/data/final_problem_set/kxor_instance_n27_k2_m232_ell2_eps0.3_kappa1.0_rho0.0.npz,/Users/julian/CodingProjects/UniT3/QuarticSpeedupK-XOR/logs/final_problem_set/kxor_instance_n27_k2_m232_ell2_eps0.3_kappa1.0_rho0.0.log,27,232,False,27,0.3103448275862069,,
/Users/julian/CodingProjects/UniT3/QuarticSpeedupK-XOR/z_Daphne/data/final_problem_set/kxor_instance_n27_k2_m232_ell2_eps0.3_kappa1.0_rho0.2.npz,/Users/julian/CodingProjects/UniT3/QuarticSpeedupK-XOR/logs/final_problem_set/kxor_instance_n27_k2_m232_ell2_eps0.3_kappa1.0_rho0.2.log,27,232,False,27,0.35344827586206895,0.18518518518518517,0.6296296296296297
/Users/julian/CodingProjects/UniT3/QuarticSpeedupK-XOR/z_Daphne/data/final_problem_set/kxor_instance_n27_k2_m232_ell2_eps0.3_kappa1.0_rho0.4.npz,/Users/julian/CodingProjects/UniT3/QuarticSpeedupK-XOR/logs/final_problem_set/kxor_instance_n27_k2_m232_ell2_eps0.3_kappa1.0_rho0.4.log,27,232,False,27,0.29310344827586204,0.18518518518518517,0.6296296296296297
/Users/julian/CodingProjects/UniT3/QuarticSpeedupK-XOR/z_Daphne/data/final_problem_set/kxor_instance_n27_k2_m232_ell2_eps0.3_kappa1.0_rho0.6.npz,/Users/julian/CodingProjects/UniT3/QuarticSpeedupK-XOR/logs/final_problem_set/kxor_instance_n27_k2_m232_ell2_eps0.3_kappa1.0_rho0.6.log,27,232,False,27,0.6120689655172413,0.037037037037037035,0.9259259259259259
/Users/julian/CodingProjects/UniT3/QuarticSpeedupK-XOR/z_Daphne/data/final_problem_set/kxor_instance_n27_k2_m232_ell2_eps0.3_kappa1.0_rho0.8.npz,/Users/julian/CodingProjects/UniT3/QuarticSpeedupK-XOR/logs/final_problem_set/kxor_instance_n27_k2_m232_ell2_eps0.3_kappa1.0_rho0.8.log,27,232,False,27,0.7413793103448276,0.0,1.0
/Users/julian/CodingProjects/UniT3/QuarticSpeedupK-XOR/z_Daphne/data/final_problem_set/kxor_instance_n27_k2_m232_ell2_eps0.3_kappa1.0_rho1.0.npz,/Users/julian/CodingProjects/UniT3/QuarticSpeedupK-XOR/logs/final_problem_set/kxor_instance_n27_k2_m232_ell2_eps0.3_kappa1.0_rho1.0.log,27,232,False,27,1.0,0.0,1.0
/Users/julian/CodingProjects/UniT3/QuarticSpeedupK-XOR/z_Daphne/data/final_problem_set/kxor_instance_n27_k2_m251_ell2_eps0.15_kappa0.875_rho0.0.npz,/Users/julian/CodingProjects/UniT3/QuarticSpeedupK-XOR/logs/final_problem_set/kxor_instance_n27_k2_m251_ell2_eps0.15_kappa0.875_rho0.0.log,27,251,False,27,0.250996015936255,,
/Users/julian/CodingProjects/UniT3/QuarticSpeedupK-XOR/z_Daphne/data/final_problem_set/kxor_instance_n27_k2_m251_ell2_eps0.15_kappa0.875_rho0.2.npz,/Users/julian/CodingProjects/UniT3/QuarticSpeedupK-XOR/logs/final_problem_set/kxor_instance_n27_k2_m251_ell2_eps0.15_kappa0.875_rho0.2.log,27,251,False,27,0.3147410358565737,0.2962962962962963,0.4074074074074074
/Users/julian/CodingProjects/UniT3/QuarticSpeedupK-XOR/z_Daphne/data/final_problem_set/kxor_instance_n27_k2_m251_ell2_eps0.15_kappa0.875_rho0.4.npz,/Users/julian/CodingProjects/UniT3/QuarticSpeedupK-XOR/logs/final_problem_set/kxor_instance_n27_k2_m251_ell2_eps0.15_kappa0.875_rho0.4.log,27,251,False,27,0.41832669322709165,0.037037037037037035,0.9259259259259259
/Users/julian/CodingProjects/UniT3/QuarticSpeedupK-XOR/z_Daphne/data/final_problem_set/kxor_instance_n27_k2_m251_ell2_eps0.15_kappa0.875_rho0.6.npz,/Users/julian/CodingProjects/UniT3/QuarticSpeedupK-XOR/logs/final_problem_set/kxor_instance_n27_k2_m251_ell2_eps0.15_kappa0.875_rho0.6.log,27,251,False,27,0.6733067729083665,0.0,1.0
/Users/julian/CodingProjects/UniT3/QuarticSpeedupK-XOR/z_Daphne/data/final_problem_set/kxor_instance_n27_k2_m251_ell2_eps0.15_kappa0.875_rho0.8.npz,/Users/julian/CodingProjects/UniT3/QuarticSpeedupK-XOR/logs/final_problem_set/kxor_instance_n27_k2_m251_ell2_eps0.15_kappa0.875_rho0.8.log,27,251,False,27,0.8167330677290837,0.0,1.0
/Users/julian/CodingProjects/UniT3/QuarticSpeedupK-XOR/z_Daphne/data/final_problem_set/kxor_instance_n27_k2_m251_ell2_eps0.15_kappa0.875_rho1.0.npz,/Users/julian/CodingProjects/UniT3/QuarticSpeedupK-XOR/logs/final_problem_set/kxor_instance_n27_k2_m251_ell2_eps0.15_kappa0.875_rho1.0.log,27,251,False,27,1.0,0.0,1.0
/Users/julian/CodingProjects/UniT3/QuarticSpeedupK-XOR/z_Daphne/data/final_problem_set/kxor_instance_n28_k2_m215_ell2_eps0.15_kappa1.0_rho0.0.npz,/Users/julian/CodingProjects/UniT3/QuarticSpeedupK-XOR/logs/final_problem_set/kxor_instance_n28_k2_m215_ell2_eps0.15_kappa1.0_rho0.0.log,28,215,False,28,0.2930232558139535,,
/Users/julian/CodingProjects/UniT3/QuarticSpeedupK-XOR/z_Daphne/data/final_problem_set/kxor_instance_n28_k2_m215_ell2_eps0.15_kappa1.0_rho0.2.npz,/Users/julian/CodingProjects/UniT3/QuarticSpeedupK-XOR/logs/final_problem_set/kxor_instance_n28_k2_m215_ell2_eps0.15_kappa1.0_rho0.2.log,28,215,False,28,0.2930232558139535,0.5,0.0
/Users/julian/CodingProjects/UniT3/QuarticSpeedupK-XOR/z_Daphne/data/final_problem_set/kxor_instance_n28_k2_m215_ell2_eps0.15_kappa1.0_rho0.4.npz,/Users/julian/CodingProjects/UniT3/QuarticSpeedupK-XOR/logs/final_problem_set/kxor_instance_n28_k2_m215_ell2_eps0.15_kappa1.0_rho0.4.log,28,215,False,28,0.4697674418604651,0.14285714285714285,0.7142857142857143
/Users/julian/CodingProjects/UniT3/QuarticSpeedupK-XOR/z_Daphne/data/final_problem_set/kxor_instance_n28_k2_m215_ell2_eps0.15_kappa1.0_rho0.6.npz,/Users/julian/CodingProjects/UniT3/QuarticSpeedupK-XOR/logs/final_problem_set/kxor_instance_n28_k2_m215_ell2_eps0.15_kappa1.0_rho0.6.log,28,215,False,28,0.4790697674418605,0.07142857142857142,0.8571428571428571
/Users/julian/CodingProjects/UniT3/QuarticSpeedupK-XOR/z_Daphne/data/final_problem_set/kxor_instance_n28_k2_m215_ell2_eps0.15_kappa1.0_rho0.8.npz,/Users/julian/CodingProjects/UniT3/QuarticSpeedupK-XOR/logs/final_problem_set/kxor_instance_n28_k2_m215_ell2_eps0.15_kappa1.0_rho0.8.log,28,215,False,28,0.813953488372093,0.0,1.0
/Users/julian/CodingProjects/UniT3/QuarticSpeedupK-XOR/z_Daphne/data/final_problem_set/kxor_instance_n28_k2_m215_ell2_eps0.15_kappa1.0_rho1.0.npz,/Users/julian/CodingProjects/UniT3/QuarticSpeedupK-XOR/logs/final_problem_set/kxor_instance_n28_k2_m215_ell2_eps0.15_kappa1.0_rho1.0.log,28,215,False,28,1.0,0.0,1.0
/Users/julian/CodingProjects/UniT3/QuarticSpeedupK-XOR/z_Daphne/data/final_problem_set/kxor_instance_n28_k2_m224_ell2_eps0.2_kappa1.0_rho0.0.npz,/Users/julian/CodingProjects/UniT3/QuarticSpeedupK-XOR/logs/final_problem_set/kxor_instance_n28_k2_m224_ell2_eps0.2_kappa1.0_rho0.0.log,28,224,False,28,0.32142857142857145,,
/Users/julian/CodingProjects/UniT3/QuarticSpeedupK-XOR/z_Daphne/data/final_problem_set/kxor_instance_n28_k2_m224_ell2_eps0.2_kappa1.0_rho0.2.npz,/Users/julian/CodingProjects/UniT3/QuarticSpeedupK-XOR/logs/final_problem_set/kxor_instance_n28_k2_m224_ell2_eps0.2_kappa1.0_rho0.2.log,28,224,False,28,0.2857142857142857,0.35714285714285715,0.2857142857142857
/Users/julian/CodingProjects/UniT3/QuarticSpeedupK-XOR/z_Daphne/data/final_problem_set/kxor_instance_n28_k2_m224_ell2_eps0.2_kappa1.0_rho0.4.npz,/Users/julian/CodingProjects/UniT3/QuarticSpeedupK-XOR/logs/final_problem_set/kxor_instance_n28_k2_m224_ell2_eps0.2_kappa1.0_rho0.4.log,28,224,False,28,0.35714285714285715,0.10714285714285714,0.7857142857142857
/Users/julian/CodingProjects/UniT3/QuarticSpeedupK-XOR/z_Daphne/data/final_problem_set/kxor_instance_n28_k2_m224_ell2_eps0.2_kappa1.0_rho0.6.npz,/Users/julian/CodingProjects/UniT3/QuarticSpeedupK-XOR/logs/final_problem_set/kxor_instance_n28_k2_m224_ell2_eps0.2_kappa1.0_rho0.6.log,28,224,False,28,0.5803571428571429,0.03571428571428571,0.9285714285714286
/Users/julian/CodingProjects/UniT3/QuarticSpeedupK-XOR/z_Daphne/data/final_problem_set/kxor_instance_n28_k2_m224_ell2_eps0.2_kappa1.0_rho0.8.npz,/Users/julian/CodingProjects/UniT3/QuarticSpeedupK-XOR/logs/final_problem_set/kxor_instance_n28_k2_m224_ell2_eps0.2_kappa1.0_rho0.8.log,28,224,False,28,0.7857142857142857,0.0,1.0
/Users/julian/CodingProjects/UniT3/QuarticSpeedupK-XOR/z_Daphne/data/final_problem_set/kxor_instance_n28_k2_m224_ell2_eps0.2_kappa1.0_rho1.0.npz,/Users/julian/CodingProjects/UniT3/QuarticSpeedupK-XOR/logs/final_problem_set/kxor_instance_n28_k2_m224_ell2_eps0.2_kappa1.0_rho1.0.log,28,224,False,28,1.0,0.0,1.0
/Users/julian/CodingProjects/UniT3/QuarticSpeedupK-XOR/z_Daphne/data/final_problem_set/kxor_instance_n28_k2_m234_ell2_eps0.25_kappa1.0_rho0.0.npz,/Users/julian/CodingProjects/UniT3/QuarticSpeedupK-XOR/logs/final_problem_set/kxor_instance_n28_k2_m234_ell2_eps0.25_kappa1.0_rho0.0.log,28,234,False,28,-0.26495726495726496,,
/Users/julian/CodingProjects/UniT3/QuarticSpeedupK-XOR/z_Daphne/data/final_problem_set/kxor_instance_n28_k2_m234_ell2_eps0.25_kappa1.0_rho0.2.npz,/Users/julian/CodingProjects/UniT3/QuarticSpeedupK-XOR/logs/final_problem_set/kxor_instance_n28_k2_m234_ell2_eps0.25_kappa1.0_rho0.2.log,28,234,False,28,0.2905982905982906,0.2857142857142857,0.42857142857142855
/Users/julian/CodingProjects/UniT3/QuarticSpeedupK-XOR/z_Daphne/data/final_problem_set/kxor_instance_n28_k2_m234_ell2_eps0.25_kappa1.0_rho0.4.npz,/Users/julian/CodingProjects/UniT3/QuarticSpeedupK-XOR/logs/final_problem_set/kxor_instance_n28_k2_m234_ell2_eps0.25_kappa1.0_rho0.4.log,28,234,False,28,0.39316239316239315,0.10714285714285714,0.7857142857142857
/Users/julian/CodingProjects/UniT3/QuarticSpeedupK-XOR/z_Daphne/data/final_problem_set/kxor_instance_n28_k2_m234_ell2_eps0.25_kappa1.0_rho0.6.npz,/Users/julian/CodingProjects/UniT3/QuarticSpeedupK-XOR/logs/final_problem_set/kxor_instance_n28_k2_m234_ell2_eps0.25_kappa1.0_rho0.6.log,28,234,False,28,0.5555555555555556,0.0,1.0
/Users/julian/CodingProjects/UniT3/QuarticSpeedupK-XOR/z_Daphne/data/final_problem_set/kxor_instance_n28_k2_m234_ell2_eps0.25_kappa1.0_rho0.8.npz,/Users/julian/CodingProjects/UniT3/QuarticSpeedupK-XOR/logs/final_problem_set/kxor_instance_n28_k2_m234_ell2_eps0.25_kappa1.0_rho0.8.log,28,234,False,28,0.7606837606837606,0.0,1.0
/Users/julian/CodingProjects/UniT3/QuarticSpeedupK-XOR/z_Daphne/data/final_problem_set/kxor_instance_n28_k2_m234_ell2_eps0.25_kappa1.0_rho1.0.npz,/Users/julian/CodingProjects/UniT3/QuarticSpeedupK-XOR/logs/final_problem_set/kxor_instance_n28_k2_m234_ell2_eps0.25_kappa1.0_rho1.0.log,28,234,False,28,1.0,0.0,1.0
/Users/julian/CodingProjects/UniT3/QuarticSpeedupK-XOR/z_Daphne/data/final_problem_set/kxor_instance_n28_k2_m243_ell2_eps0.3_kappa1.0_rho0.0.npz,/Users/julian/CodingProjects/UniT3/QuarticSpeedupK-XOR/logs/final_problem_set/kxor_instance_n28_k2_m243_ell2_eps0.3_kappa1.0_rho0.0.log,28,243,False,28,0.3662551440329218,,
/Users/julian/CodingProjects/UniT3/QuarticSpeedupK-XOR/z_Daphne/data/final_problem_set/kxor_instance_n28_k2_m243_ell2_eps0.3_kappa1.0_rho0.2.npz,/Users/julian/CodingProjects/UniT3/QuarticSpeedupK-XOR/logs/final_problem_set/kxor_instance_n28_k2_m243_ell2_eps0.3_kappa1.0_rho0.2.log,28,243,False,28,0.2757201646090535,0.35714285714285715,0.2857142857142857
/Users/julian/CodingProjects/UniT3/QuarticSpeedupK-XOR/z_Daphne/data/final_problem_set/kxor_instance_n28_k2_m243_ell2_eps0.3_kappa1.0_rho0.4.npz,/Users/julian/CodingProjects/UniT3/QuarticSpeedupK-XOR/logs/final_problem_set/kxor_instance_n28_k2_m243_ell2_eps0.3_kappa1.0_rho0.4.log,28,243,False,28,0.3004115226337449,0.32142857142857145,0.35714285714285715
/Users/julian/CodingProjects/UniT3/QuarticSpeedupK-XOR/z_Daphne/data/final_problem_set/kxor_instance_n28_k2_m243_ell2_eps0.3_kappa1.0_rho0.6.npz,/Users/julian/CodingProjects/UniT3/QuarticSpeedupK-XOR/logs/final_problem_set/kxor_instance_n28_k2_m243_ell2_eps0.3_kappa1.0_rho0.6.log,28,243,False,28,0.6213991769547325,0.0,1.0
/Users/julian/CodingProjects/UniT3/QuarticSpeedupK-XOR/z_Daphne/data/final_problem_set/kxor_instance_n28_k2_m243_ell2_eps0.3_kappa1.0_rho0.8.npz,/Users/julian/CodingProjects/UniT3/QuarticSpeedupK-XOR/logs/final_problem_set/kxor_instance_n28_k2_m243_ell2_eps0.3_kappa1.0_rho0.8.log,28,243,False,28,0.7777777777777778,0.0,1.0
/Users/julian/CodingProjects/UniT3/QuarticSpeedupK-XOR/z_Daphne/data/final_problem_set/kxor_instance_n28_k2_m243_ell2_eps0.3_kappa1.0_rho1.0.npz,/Users/julian/CodingProjects/UniT3/QuarticSpeedupK-XOR/logs/final_problem_set/kxor_instance_n28_k2_m243_ell2_eps0.3_kappa1.0_rho1.0.log,28,243,False,28,1.0,0.0,1.0
/Users/julian/CodingProjects/UniT3/QuarticSpeedupK-XOR/z_Daphne/data/final_problem_set/kxor_instance_n29_k2_m225_ell2_eps0.15_kappa1.0_rho0.0.npz,/Users/julian/CodingProjects/UniT3/QuarticSpeedupK-XOR/logs/final_problem_set/kxor_instance_n29_k2_m225_ell2_eps0.15_kappa1.0_rho0.0.log,29,225,False,29,0.22666666666666666,,
/Users/julian/CodingProjects/UniT3/QuarticSpeedupK-XOR/z_Daphne/data/final_problem_set/kxor_instance_n29_k2_m225_ell2_eps0.15_kappa1.0_rho0.2.npz,/Users/julian/CodingProjects/UniT3/QuarticSpeedupK-XOR/logs/final_problem_set/kxor_instance_n29_k2_m225_ell2_eps0.15_kappa1.0_rho0.2.log,29,225,False,29,0.27111111111111114,0.41379310344827586,0.1724137931034483
/Users/julian/CodingProjects/UniT3/QuarticSpeedupK-XOR/z_Daphne/data/final_problem_set/kxor_instance_n29_k2_m225_ell2_eps0.15_kappa1.0_rho0.4.npz,/Users/julian/CodingProjects/UniT3/QuarticSpeedupK-XOR/logs/final_problem_set/kxor_instance_n29_k2_m225_ell2_eps0.15_kappa1.0_rho0.4.log,29,225,False,29,0.4577777777777778,0.0,1.0
/Users/julian/CodingProjects/UniT3/QuarticSpeedupK-XOR/z_Daphne/data/final_problem_set/kxor_instance_n29_k2_m225_ell2_eps0.15_kappa1.0_rho0.6.npz,/Users/julian/CodingProjects/UniT3/QuarticSpeedupK-XOR/logs/final_problem_set/kxor_instance_n29_k2_m225_ell2_eps0.15_kappa1.0_rho0.6.log,29,225,False,29,0.6,0.0,1.0
/Users/julian/CodingProjects/UniT3/QuarticSpeedupK-XOR/z_Daphne/data/final_problem_set/kxor_instance_n29_k2_m225_ell2_eps0.15_kappa1.0_rho0.8.npz,/Users/julian/CodingProjects/UniT3/QuarticSpeedupK-XOR/logs/final_problem_set/kxor_instance_n29_k2_m225_ell2_eps0.15_kappa1.0_rho0.8.log,29,225,False,29,0.8133333333333334,0.0,1.0
/Users/julian/CodingProjects/UniT3/QuarticSpeedupK-XOR/z_Daphne/data/final_problem_set/kxor_instance_n29_k2_m225_ell2_eps0.15_kappa1.0_rho1.0.npz,/Users/julian/CodingProjects/UniT3/QuarticSpeedupK-XOR/logs/final_problem_set/kxor_instance_n29_k2_m225_ell2_eps0.15_kappa1.0_rho1.0.log,29,225,False,29,1.0,0.0,1.0
/Users/julian/CodingProjects/UniT3/QuarticSpeedupK-XOR/z_Daphne/data/final_problem_set/kxor_instance_n29_k2_m235_ell2_eps0.2_kappa1.0_rho0.0.npz,/Users/julian/CodingProjects/UniT3/QuarticSpeedupK-XOR/logs/final_problem_set/kxor_instance_n29_k2_m235_ell2_eps0.2_kappa1.0_rho0.0.log,29,235,False,29,0.20851063829787234,,
/Users/julian/CodingProjects/UniT3/QuarticSpeedupK-XOR/z_Daphne/data/final_problem_set/kxor_instance_n29_k2_m235_ell2_eps0.2_kappa1.0_rho0.2.npz,/Users/julian/CodingProjects/UniT3/QuarticSpeedupK-XOR/logs/final_problem_set/kxor_instance_n29_k2_m235_ell2_eps0.2_kappa1.0_rho0.2.log,29,235,False,29,0.3276595744680851,0.20689655172413793,0.5862068965517241
/Users/julian/CodingProjects/UniT3/QuarticSpeedupK-XOR/z_Daphne/data/final_problem_set/kxor_instance_n29_k2_m235_ell2_eps0.2_kappa1.0_rho0.4.npz,/Users/julian/CodingProjects/UniT3/QuarticSpeedupK-XOR/logs/final_problem_set/kxor_instance_n29_k2_m235_ell2_eps0.2_kappa1.0_rho0.4.log,29,235,False,29,0.4127659574468085,0.10344827586206896,0.7931034482758621
/Users/julian/CodingProjects/UniT3/QuarticSpeedupK-XOR/z_Daphne/data/final_problem_set/kxor_instance_n29_k2_m235_ell2_eps0.2_kappa1.0_rho0.6.npz,/Users/julian/CodingProjects/UniT3/QuarticSpeedupK-XOR/logs/final_problem_set/kxor_instance_n29_k2_m235_ell2_eps0.2_kappa1.0_rho0.6.log,29,235,False,29,0.6,0.0,1.0
/Users/julian/CodingProjects/UniT3/QuarticSpeedupK-XOR/z_Daphne/data/final_problem_set/kxor_instance_n29_k2_m235_ell2_eps0.2_kappa1.0_rho0.8.npz,/Users/julian/CodingProjects/UniT3/QuarticSpeedupK-XOR/logs/final_problem_set/kxor_instance_n29_k2_m235_ell2_eps0.2_kappa1.0_rho0.8.log,29,235,False,29,0.7361702127659574,0.0,1.0
/Users/julian/CodingProjects/UniT3/QuarticSpeedupK-XOR/z_Daphne/data/final_problem_set/kxor_instance_n29_k2_m235_ell2_eps0.2_kappa1.0_rho1.0.npz,/Users/julian/CodingProjects/UniT3/QuarticSpeedupK-XOR/logs/final_problem_set/kxor_instance_n29_k2_m235_ell2_eps0.2_kappa1.0_rho1.0.log,29,235,False,29,1.0,0.0,1.0
/Users/julian/CodingProjects/UniT3/QuarticSpeedupK-XOR/z_Daphne/data/final_problem_set/kxor_instance_n29_k2_m245_ell2_eps0.25_kappa1.0_rho0.0.npz,/Users/julian/CodingProjects/UniT3/QuarticSpeedupK-XOR/logs/final_problem_set/kxor_instance_n29_k2_m245_ell2_eps0.25_kappa1.0_rho0.0.log,29,245,False,29,0.2571428571428571,,
/Users/julian/CodingProjects/UniT3/QuarticSpeedupK-XOR/z_Daphne/data/final_problem_set/kxor_instance_n29_k2_m245_ell2_eps0.25_kappa1.0_rho0.2.npz,/Users/julian/CodingProjects/UniT3/QuarticSpeedupK-XOR/logs/final_problem_set/kxor_instance_n29_k2_m245_ell2_eps0.25_kappa1.0_rho0.2.log,29,245,False,29,0.2653061224489796,0.3793103448275862,0.2413793103448276
/Users/julian/CodingProjects/UniT3/QuarticSpeedupK-XOR/z_Daphne/data/final_problem_set/kxor_instance_n29_k2_m245_ell2_eps0.25_kappa1.0_rho0.4.npz,/Users/julian/CodingProjects/UniT3/QuarticSpeedupK-XOR/logs/final_problem_set/kxor_instance_n29_k2_m245_ell2_eps0.25_kappa1.0_rho0.4.log,29,245,False,29,0.39591836734693875,0.10344827586206896,0.7931034482758621
/Users/julian/CodingProjects/UniT3/QuarticSpeedupK-XOR/z_Daphne/data/final_problem_set/kxor_instance_n29_k2_m245_ell2_eps0.25_kappa1.0_rho0.6.npz,/Users/julian/CodingProjects/UniT3/QuarticSpeedupK-XOR/logs/final_problem_set/kxor_instance_n29_k2_m245_ell2_eps0.25_kappa1.0_rho0.6.log,29,245,False,29,0.5755102040816327,0.034482758620689655,0.9310344827586207
/Users/julian/CodingProjects/UniT3/QuarticSpeedupK-XOR/z_Daphne/data/final_problem_set/kxor_instance_n29_k2_m245_ell2_eps0.25_kappa1.0_rho0.8.npz,/Users/julian/CodingProjects/UniT3/QuarticSpeedupK-XOR/logs/final_problem_set/kxor_instance_n29_k2_m245_ell2_eps0.25_kappa1.0_rho0.8.log,29,245,False,29,0.8285714285714286,0.0,1.0
/Users/julian/CodingProjects/UniT3/QuarticSpeedupK-XOR/z_Daphne/data/final_problem_set/kxor_instance_n29_k2_m245_ell2_eps0.25_kappa1.0_rho1.0.npz,/Users/julian/CodingProjects/UniT3/QuarticSpeedupK-XOR/logs/final_problem_set/kxor_instance_n29_k2_m245_ell2_eps0.25_kappa1.0_rho1.0.log,29,245,False,29,1.0,0.0,1.0
/Users/julian/CodingProjects/UniT3/QuarticSpeedupK-XOR/z_Daphne/data/final_problem_set/kxor_instance_n29_k2_m254_ell2_eps0.3_kappa1.0_rho0.0.npz,/Users/julian/CodingProjects/UniT3/QuarticSpeedupK-XOR/logs/final_problem_set/kxor_instance_n29_k2_m254_ell2_eps0.3_kappa1.0_rho0.0.log,29,254,False,29,0.2283464566929134,,
/Users/julian/CodingProjects/UniT3/QuarticSpeedupK-XOR/z_Daphne/data/final_problem_set/kxor_instance_n29_k2_m254_ell2_eps0.3_kappa1.0_rho0.2.npz,/Users/julian/CodingProjects/UniT3/QuarticSpeedupK-XOR/logs/final_problem_set/kxor_instance_n29_k2_m254_ell2_eps0.3_kappa1.0_rho0.2.log,29,254,False,29,0.2677165354330709,0.3448275862068966,0.3103448275862069
/Users/julian/CodingProjects/UniT3/QuarticSpeedupK-XOR/z_Daphne/data/final_problem_set/kxor_instance_n29_k2_m254_ell2_eps0.3_kappa1.0_rho0.4.npz,/Users/julian/CodingProjects/UniT3/QuarticSpeedupK-XOR/logs/final_problem_set/kxor_instance_n29_k2_m254_ell2_eps0.3_kappa1.0_rho0.4.log,29,254,False,29,0.36220472440944884,0.06896551724137931,0.8620689655172413
/Users/julian/CodingProjects/UniT3/QuarticSpeedupK-XOR/z_Daphne/data/final_problem_set/kxor_instance_n29_k2_m254_ell2_eps0.3_kappa1.0_rho0.6.npz,/Users/julian/CodingProjects/UniT3/QuarticSpeedupK-XOR/logs/final_problem_set/kxor_instance_n29_k2_m254_ell2_eps0.3_kappa1.0_rho0.6.log,29,254,False,29,0.5433070866141733,0.0,1.0
/Users/julian/CodingProjects/UniT3/QuarticSpeedupK-XOR/z_Daphne/data/final_problem_set/kxor_instance_n29_k2_m254_ell2_eps0.3_kappa1.0_rho0.8.npz,/Users/julian/CodingProjects/UniT3/QuarticSpeedupK-XOR/logs/final_problem_set/kxor_instance_n29_k2_m254_ell2_eps0.3_kappa1.0_rho0.8.log,29,254,False,29,0.8346456692913385,0.0,1.0
/Users/julian/CodingProjects/UniT3/QuarticSpeedupK-XOR/z_Daphne/data/final_problem_set/kxor_instance_n29_k2_m254_ell2_eps0.3_kappa1.0_rho1.0.npz,/Users/julian/CodingProjects/UniT3/QuarticSpeedupK-XOR/logs/final_problem_set/kxor_instance_n29_k2_m254_ell2_eps0.3_kappa1.0_rho1.0.log,29,254,False,29,1.0,0.0,1.0
/Users/julian/CodingProjects/UniT3/QuarticSpeedupK-XOR/z_Daphne/data/final_problem_set/kxor_instance_n30_k2_m235_ell2_eps0.15_kappa1.0_rho0.0.npz,/Users/julian/CodingProjects/UniT3/QuarticSpeedupK-XOR/logs/final_problem_set/kxor_instance_n30_k2_m235_ell2_eps0.15_kappa1.0_rho0.0.log,30,235,False,30,0.2425531914893617,,
/Users/julian/CodingProjects/UniT3/QuarticSpeedupK-XOR/z_Daphne/data/final_problem_set/kxor_instance_n30_k2_m235_ell2_eps0.15_kappa1.0_rho0.2.npz,/Users/julian/CodingProjects/UniT3/QuarticSpeedupK-XOR/logs/final_problem_set/kxor_instance_n30_k2_m235_ell2_eps0.15_kappa1.0_rho0.2.log,30,235,False,30,0.2765957446808511,0.4,0.2
/Users/julian/CodingProjects/UniT3/QuarticSpeedupK-XOR/z_Daphne/data/final_problem_set/kxor_instance_n30_k2_m235_ell2_eps0.15_kappa1.0_rho0.4.npz,/Users/julian/CodingProjects/UniT3/QuarticSpeedupK-XOR/logs/final_problem_set/kxor_instance_n30_k2_m235_ell2_eps0.15_kappa1.0_rho0.4.log,30,235,False,30,0.548936170212766,0.06666666666666667,0.8666666666666667
/Users/julian/CodingProjects/UniT3/QuarticSpeedupK-XOR/z_Daphne/data/final_problem_set/kxor_instance_n30_k2_m235_ell2_eps0.15_kappa1.0_rho0.6.npz,/Users/julian/CodingProjects/UniT3/QuarticSpeedupK-XOR/logs/final_problem_set/kxor_instance_n30_k2_m235_ell2_eps0.15_kappa1.0_rho0.6.log,30,235,False,30,0.39574468085106385,0.16666666666666666,0.6666666666666666
/Users/julian/CodingProjects/UniT3/QuarticSpeedupK-XOR/z_Daphne/data/final_problem_set/kxor_instance_n30_k2_m235_ell2_eps0.15_kappa1.0_rho0.8.npz,/Users/julian/CodingProjects/UniT3/QuarticSpeedupK-XOR/logs/final_problem_set/kxor_instance_n30_k2_m235_ell2_eps0.15_kappa1.0_rho0.8.log,30,235,False,30,0.8382978723404255,0.0,1.0
/Users/julian/CodingProjects/UniT3/QuarticSpeedupK-XOR/z_Daphne/data/final_problem_set/kxor_instance_n30_k2_m235_ell2_eps0.15_kappa1.0_rho1.0.npz,/Users/julian/CodingProjects/UniT3/QuarticSpeedupK-XOR/logs/final_problem_set/kxor_instance_n30_k2_m235_ell2_eps0.15_kappa1.0_rho1.0.log,30,235,False,30,1.0,0.0,1.0
/Users/julian/CodingProjects/UniT3/QuarticSpeedupK-XOR/z_Daphne/data/final_problem_set/kxor_instance_n30_k2_m245_ell2_eps0.2_kappa1.0_rho0.0.npz,/Users/julian/CodingProjects/UniT3/QuarticSpeedupK-XOR/logs/final_problem_set/kxor_instance_n30_k2_m245_ell2_eps0.2_kappa1.0_rho0.0.log,30,245,False,30,0.27346938775510204,,
/Users/julian/CodingProjects/UniT3/QuarticSpeedupK-XOR/z_Daphne/data/final_problem_set/kxor_instance_n30_k2_m245_ell2_eps0.2_kappa1.0_rho0.2.npz,/Users/julian/CodingProjects/UniT3/QuarticSpeedupK-XOR/logs/final_problem_set/kxor_instance_n30_k2_m245_ell2_eps0.2_kappa1.0_rho0.2.log,30,245,False,30,0.2979591836734694,0.3333333333333333,0.3333333333333333
/Users/julian/CodingProjects/UniT3/QuarticSpeedupK-XOR/z_Daphne/data/final_problem_set/kxor_instance_n30_k2_m245_ell2_eps0.2_kappa1.0_rho0.4.npz,/Users/julian/CodingProjects/UniT3/QuarticSpeedupK-XOR/logs/final_problem_set/kxor_instance_n30_k2_m245_ell2_eps0.2_kappa1.0_rho0.4.log,30,245,False,30,0.5183673469387755,0.03333333333333333,0.9333333333333333
/Users/julian/CodingProjects/UniT3/QuarticSpeedupK-XOR/z_Daphne/data/final_problem_set/kxor_instance_n30_k2_m245_ell2_eps0.2_kappa1.0_rho0.6.npz,/Users/julian/CodingProjects/UniT3/QuarticSpeedupK-XOR/logs/final_problem_set/kxor_instance_n30_k2_m245_ell2_eps0.2_kappa1.0_rho0.6.log,30,245,False,30,0.5673469387755102,0.03333333333333333,0.9333333333333333
/Users/julian/CodingProjects/UniT3/QuarticSpeedupK-XOR/z_Daphne/data/final_problem_set/kxor_instance_n30_k2_m245_ell2_eps0.2_kappa1.0_rho0.8.npz,/Users/julian/CodingProjects/UniT3/QuarticSpeedupK-XOR/logs/final_problem_set/kxor_instance_n30_k2_m245_ell2_eps0.2_kappa1.0_rho0.8.log,30,245,False,30,0.7551020408163265,0.0,1.0
/Users/julian/CodingProjects/UniT3/QuarticSpeedupK-XOR/z_Daphne/data/final_problem_set/kxor_instance_n30_k2_m245_ell2_eps0.2_kappa1.0_rho1.0.npz,/Users/julian/CodingProjects/UniT3/QuarticSpeedupK-XOR/logs/final_problem_set/kxor_instance_n30_k2_m245_ell2_eps0.2_kappa1.0_rho1.0.log,30,245,False,30,1.0,0.0,1.0
